order_id,window_range,prediction,y_t
01 0593-271Ah - toXY.xlsx,energy_0_10,0.9879925635131453,0.7359
01 0593-271Ah - toXY.xlsx,energy_0_10,0.9789707213617059,0.7359
01 0593-271Ah - toXY.xlsx,energy_10_20,1.0333960290214608,0.7359
01 0593-271Ah - toXY.xlsx,energy_20_30,1.0465302860329757,0.7359
01 0593-271Ah - toXY.xlsx,energy_30_40,1.0475158279130037,0.7359
01 0593-271Ah - toXY.xlsx,energy_40_50,1.0346431628699426,0.7359
01 0593-271Ah - toXY.xlsx,energy_50_60,1.0262490249648617,0.7359
01 0593-271Ah - toXY.xlsx,energy_60_70,1.0450078927101396,0.7359
01 0593-271Ah - toXY.xlsx,time_0_10,0.9781225385503731,0.7359
01 0593-271Ah - toXY.xlsx,time_10_20,1.0101508769790837,0.7359
01 0593-271Ah - toXY.xlsx,time_30_40,0.9964812996960458,0.7359
01 0593-271Ah - toXY.xlsx,time_40_50,1.0081905078212818,0.7359
01 0593-271Ah - toXY.xlsx,time_50_60,1.0206333927159248,0.7359
01 0593-271Ah - toXY.xlsx,time_60_70,1.0012649476592472,0.7359
01 0593-271Ah - toXY.xlsx,time_70_80,1.0102354483802192,0.7359
01 0593-271Ah - toXY.xlsx,time_80_90,1.0237939434963652,0.7359
01 0593-271Ah - toXY.xlsx,time_90_100,1.0144084683985883,0.7359
01 0593-271Ah - toXY.xlsx,time_100_110,1.0145915797444567,0.7359
01 0593-271Ah - toXY.xlsx,time_110_120,1.017373836650669,0.7359
01 0593-271Ah - toXY.xlsx,time_120_130,1.0125782212384389,0.7359
01 0593-271Ah - toXY.xlsx,time_130_140,1.0512105486857464,0.7359
01 0593-271Ah - toXY.xlsx,time_140_150,1.0401260455655579,0.7359
01 0593-271Ah - toXY.xlsx,time_160_170,1.0443468566232272,0.7359
01 0593-271Ah - toXY.xlsx,time_170_180,1.003180529615841,0.7359
01 0593-271Ah - toXY.xlsx,time_180_190,1.0522681245779189,0.7359
01 0593-271Ah - toXY.xlsx,time_190_200,1.022538182127067,0.7359
01 0593-271Ah - toXY.xlsx,time_200_210,1.0321735678576966,0.7359
01 0593-271Ah - toXY.xlsx,time_210_220,1.0097107126754303,0.7359
01 0593-271Ah - toXY.xlsx,time_220_230,1.0158536085453405,0.7359
01 0593-271Ah - toXY.xlsx,time_230_240,1.0195517341425966,0.7359
01 0593-271Ah - toXY.xlsx,time_240_250,1.0504920908361113,0.7359
01 0593-271Ah - toXY.xlsx,energy_0_10,1.0102340475052243,0.7359
01 0593-271Ah - toXY.xlsx,energy_10_20,1.034791488917443,0.7359
01 0593-271Ah - toXY.xlsx,energy_20_30,1.0347841794108976,0.7359
01 0593-271Ah - toXY.xlsx,energy_30_40,1.0542007936994584,0.7359
01 0593-271Ah - toXY.xlsx,energy_40_50,1.0504993314077118,0.7359
01 0593-271Ah - toXY.xlsx,energy_50_60,1.0455278880530576,0.7359
01 0593-271Ah - toXY.xlsx,energy_60_70,1.0617588201439812,0.7359
01 0593-271Ah - toXY.xlsx,time_0_10,1.0054830079084356,0.7359
01 0593-271Ah - toXY.xlsx,time_100_110,1.0201796266753769,0.7359
01 0593-271Ah - toXY.xlsx,time_10_20,1.0102083813385816,0.7359
01 0593-271Ah - toXY.xlsx,time_110_120,1.0314786987082738,0.7359
01 0593-271Ah - toXY.xlsx,time_120_130,1.015875517892826,0.7359
01 0593-271Ah - toXY.xlsx,time_130_140,1.0341718329095706,0.7359
01 0593-271Ah - toXY.xlsx,time_140_150,1.0474528982243814,0.7359
01 0593-271Ah - toXY.xlsx,time_160_170,1.0489975610670301,0.7359
01 0593-271Ah - toXY.xlsx,time_170_180,1.010268853429026,0.7359
01 0593-271Ah - toXY.xlsx,time_180_190,1.0569811973189722,0.7359
01 0593-271Ah - toXY.xlsx,time_190_200,1.0240907971618187,0.7359
01 0593-271Ah - toXY.xlsx,time_200_210,1.0300369471334014,0.7359
01 0593-271Ah - toXY.xlsx,time_210_220,1.016042818519526,0.7359
01 0593-271Ah - toXY.xlsx,time_220_230,1.0230343096220285,0.7359
01 0593-271Ah - toXY.xlsx,time_230_240,1.0226904567629291,0.7359
01 0593-271Ah - toXY.xlsx,time_240_250,1.0630890182837753,0.7359
01 0593-271Ah - toXY.xlsx,time_30_40,1.0185554427453547,0.7359
01 0593-271Ah - toXY.xlsx,time_40_50,1.0238178271458207,0.7359
01 0593-271Ah - toXY.xlsx,time_50_60,1.0422696374537066,0.7359
01 0593-271Ah - toXY.xlsx,time_60_70,1.0260122296603649,0.7359
01 0593-271Ah - toXY.xlsx,time_70_80,1.0219411687294442,0.7359
01 0593-271Ah - toXY.xlsx,time_80_90,1.0358751560132402,0.7359
01 0593-271Ah - toXY.xlsx,time_90_100,1.0252617714804189,0.7359
02 0746-271Ah - toXY.xlsx,energy_0_10,0.9836042483584305,0.6908
02 0746-271Ah - toXY.xlsx,energy_10_20,1.0354441056150527,0.6908
02 0746-271Ah - toXY.xlsx,energy_20_30,1.0153098149398099,0.6908
02 0746-271Ah - toXY.xlsx,energy_30_40,1.0623527512786584,0.6908
02 0746-271Ah - toXY.xlsx,energy_40_50,1.0590502142144917,0.6908
02 0746-271Ah - toXY.xlsx,energy_60_70,1.0415357376855254,0.6908
02 0746-271Ah - toXY.xlsx,energy_70_80,1.0440125630232173,0.6908
02 0746-271Ah - toXY.xlsx,time_0_10,0.9844956200740832,0.6908
02 0746-271Ah - toXY.xlsx,time_10_20,1.0075953377020759,0.6908
02 0746-271Ah - toXY.xlsx,time_20_30,1.0541040004781437,0.6908
02 0746-271Ah - toXY.xlsx,time_30_40,0.9945190431051183,0.6908
02 0746-271Ah - toXY.xlsx,time_40_50,0.9787340695875082,0.6908
02 0746-271Ah - toXY.xlsx,time_50_60,0.9908934217831417,0.6908
02 0746-271Ah - toXY.xlsx,time_60_70,0.9944606131085684,0.6908
02 0746-271Ah - toXY.xlsx,time_70_80,0.9839864130349814,0.6908
02 0746-271Ah - toXY.xlsx,time_80_90,0.9880352301569291,0.6908
02 0746-271Ah - toXY.xlsx,time_90_100,0.9882063776479508,0.6908
02 0746-271Ah - toXY.xlsx,time_100_110,1.00943802868965,0.6908
02 0746-271Ah - toXY.xlsx,time_110_120,1.028411150366866,0.6908
02 0746-271Ah - toXY.xlsx,time_120_130,1.0171279962113284,0.6908
02 0746-271Ah - toXY.xlsx,time_130_140,1.0202123040787614,0.6908
02 0746-271Ah - toXY.xlsx,time_140_150,1.0078267703406762,0.6908
02 0746-271Ah - toXY.xlsx,time_150_160,1.0810016298072898,0.6908
02 0746-271Ah - toXY.xlsx,time_160_170,1.0319743559261247,0.6908
02 0746-271Ah - toXY.xlsx,time_170_180,1.039772859170698,0.6908
02 0746-271Ah - toXY.xlsx,time_180_190,1.0134478217042915,0.6908
02 0746-271Ah - toXY.xlsx,time_190_200,1.0126528655644662,0.6908
02 0746-271Ah - toXY.xlsx,time_200_210,1.042574623248151,0.6908
02 0746-271Ah - toXY.xlsx,time_210_220,0.9984625599197553,0.6908
02 0746-271Ah - toXY.xlsx,time_220_230,1.004157247951264,0.6908
02 0746-271Ah - toXY.xlsx,time_230_240,0.9933226872491039,0.6908
02 0746-271Ah - toXY.xlsx,time_240_250,1.0043211269717702,0.6908
02 0746-271Ah - toXY.xlsx,time_250_260,1.0334533470107035,0.6908
02 0746-271Ah - toXY.xlsx,energy_0_10,1.011647933281619,0.6908
02 0746-271Ah - toXY.xlsx,energy_10_20,1.0422947230256692,0.6908
02 0746-271Ah - toXY.xlsx,energy_20_30,1.025307154895852,0.6908
02 0746-271Ah - toXY.xlsx,energy_30_40,1.0629776030412315,0.6908
02 0746-271Ah - toXY.xlsx,energy_40_50,1.0566439901840567,0.6908
02 0746-271Ah - toXY.xlsx,energy_60_70,1.0509182970943785,0.6908
02 0746-271Ah - toXY.xlsx,energy_70_80,1.0466230562989702,0.6908
02 0746-271Ah - toXY.xlsx,time_0_10,1.0072018316130498,0.6908
02 0746-271Ah - toXY.xlsx,time_100_110,1.0096377229409035,0.6908
02 0746-271Ah - toXY.xlsx,time_10_20,1.0176986277309006,0.6908
02 0746-271Ah - toXY.xlsx,time_110_120,1.0425051476333798,0.6908
02 0746-271Ah - toXY.xlsx,time_120_130,1.0203294699945706,0.6908
02 0746-271Ah - toXY.xlsx,time_130_140,1.0279752601551695,0.6908
02 0746-271Ah - toXY.xlsx,time_140_150,1.0210110251931,0.6908
02 0746-271Ah - toXY.xlsx,time_150_160,1.0702857124145537,0.6908
02 0746-271Ah - toXY.xlsx,time_160_170,1.0332332184121187,0.6908
02 0746-271Ah - toXY.xlsx,time_170_180,1.0329761792171346,0.6908
02 0746-271Ah - toXY.xlsx,time_180_190,1.0248703658529674,0.6908
02 0746-271Ah - toXY.xlsx,time_190_200,1.0095432247342102,0.6908
02 0746-271Ah - toXY.xlsx,time_200_210,1.039931261576596,0.6908
02 0746-271Ah - toXY.xlsx,time_20_30,1.0579966630458497,0.6908
02 0746-271Ah - toXY.xlsx,time_210_220,1.0131392375314678,0.6908
02 0746-271Ah - toXY.xlsx,time_220_230,1.0163935732532434,0.6908
02 0746-271Ah - toXY.xlsx,time_230_240,1.0074131362569951,0.6908
02 0746-271Ah - toXY.xlsx,time_240_250,1.0175180248291908,0.6908
02 0746-271Ah - toXY.xlsx,time_250_260,1.0390750962750286,0.6908
02 0746-271Ah - toXY.xlsx,time_30_40,1.0040472931429663,0.6908
02 0746-271Ah - toXY.xlsx,time_40_50,1.0044551605176377,0.6908
02 0746-271Ah - toXY.xlsx,time_50_60,1.0147289699215116,0.6908
02 0746-271Ah - toXY.xlsx,time_60_70,1.0341237666171867,0.6908
02 0746-271Ah - toXY.xlsx,time_70_80,0.9987327036642499,0.6908
02 0746-271Ah - toXY.xlsx,time_80_90,1.0115743815503058,0.6908
02 0746-271Ah - toXY.xlsx,time_90_100,1.0059627252304382,0.6908
03 0215-271Ah - toXY.xlsx,energy_0_10,0.9857876018311397,0.7343000000000001
03 0215-271Ah - toXY.xlsx,energy_10_20,1.0324949565588324,0.7343000000000001
03 0215-271Ah - toXY.xlsx,energy_20_30,0.9987296131837441,0.7343000000000001
03 0215-271Ah - toXY.xlsx,energy_30_40,1.0613159339660583,0.7343000000000001
03 0215-271Ah - toXY.xlsx,energy_40_50,1.0581006355533444,0.7343000000000001
03 0215-271Ah - toXY.xlsx,energy_50_60,1.057255370228264,0.7343000000000001
03 0215-271Ah - toXY.xlsx,energy_60_70,1.0462641086412539,0.7343000000000001
03 0215-271Ah - toXY.xlsx,energy_70_80,1.0552651737796792,0.7343000000000001
03 0215-271Ah - toXY.xlsx,time_0_10,0.9829339892277467,0.7343000000000001
03 0215-271Ah - toXY.xlsx,time_10_20,0.9986115525245617,0.7343000000000001
03 0215-271Ah - toXY.xlsx,time_20_30,1.0337566095213986,0.7343000000000001
03 0215-271Ah - toXY.xlsx,time_30_40,1.0058428295308304,0.7343000000000001
03 0215-271Ah - toXY.xlsx,time_40_50,1.0010119483724935,0.7343000000000001
03 0215-271Ah - toXY.xlsx,time_50_60,0.9976760463881105,0.7343000000000001
03 0215-271Ah - toXY.xlsx,time_60_70,0.99433361133124,0.7343000000000001
03 0215-271Ah - toXY.xlsx,time_70_80,1.0099705106598413,0.7343000000000001
03 0215-271Ah - toXY.xlsx,time_80_90,0.9809228517072812,0.7343000000000001
03 0215-271Ah - toXY.xlsx,time_90_100,0.979352554286356,0.7343000000000001
03 0215-271Ah - toXY.xlsx,time_100_110,1.0167232682575897,0.7343000000000001
03 0215-271Ah - toXY.xlsx,time_110_120,1.0280325958331555,0.7343000000000001
03 0215-271Ah - toXY.xlsx,time_120_130,1.0194177377951066,0.7343000000000001
03 0215-271Ah - toXY.xlsx,time_130_140,1.0088226241942144,0.7343000000000001
03 0215-271Ah - toXY.xlsx,time_140_150,1.0046302464752763,0.7343000000000001
03 0215-271Ah - toXY.xlsx,time_150_160,1.043147705721391,0.7343000000000001
03 0215-271Ah - toXY.xlsx,time_160_170,1.0009709140439162,0.7343000000000001
03 0215-271Ah - toXY.xlsx,time_170_180,0.9937982555003727,0.7343000000000001
03 0215-271Ah - toXY.xlsx,time_180_190,0.9980012938956861,0.7343000000000001
03 0215-271Ah - toXY.xlsx,time_190_200,1.0060411587343252,0.7343000000000001
03 0215-271Ah - toXY.xlsx,time_200_210,0.9897115135287704,0.7343000000000001
03 0215-271Ah - toXY.xlsx,time_210_220,0.9979097642423004,0.7343000000000001
03 0215-271Ah - toXY.xlsx,time_220_230,0.9777064869674298,0.7343000000000001
03 0215-271Ah - toXY.xlsx,time_230_240,0.9927885995200528,0.7343000000000001
03 0215-271Ah - toXY.xlsx,time_240_250,1.000816173403285,0.7343000000000001
03 0215-271Ah - toXY.xlsx,time_250_260,1.0314144028278385,0.7343000000000001
03 0215-271Ah - toXY.xlsx,energy_0_10,1.011736037730615,0.7343000000000001
03 0215-271Ah - toXY.xlsx,energy_10_20,1.0428073176206798,0.7343000000000001
03 0215-271Ah - toXY.xlsx,energy_20_30,1.009968698489105,0.7343000000000001
03 0215-271Ah - toXY.xlsx,energy_30_40,1.0616009521985523,0.7343000000000001
03 0215-271Ah - toXY.xlsx,energy_40_50,1.0540846071833219,0.7343000000000001
03 0215-271Ah - toXY.xlsx,energy_50_60,1.0622724332726046,0.7343000000000001
03 0215-271Ah - toXY.xlsx,energy_60_70,1.0521493756939255,0.7343000000000001
03 0215-271Ah - toXY.xlsx,energy_70_80,1.0566708105291456,0.7343000000000001
03 0215-271Ah - toXY.xlsx,time_0_10,1.0056025047183645,0.7343000000000001
03 0215-271Ah - toXY.xlsx,time_100_110,1.0178271996922776,0.7343000000000001
03 0215-271Ah - toXY.xlsx,time_10_20,1.0048056448395075,0.7343000000000001
03 0215-271Ah - toXY.xlsx,time_110_120,1.0371878006896025,0.7343000000000001
03 0215-271Ah - toXY.xlsx,time_120_130,1.0313955175030805,0.7343000000000001
03 0215-271Ah - toXY.xlsx,time_130_140,1.0294910191513298,0.7343000000000001
03 0215-271Ah - toXY.xlsx,time_140_150,1.0157578209949931,0.7343000000000001
03 0215-271Ah - toXY.xlsx,time_150_160,1.0389082373082892,0.7343000000000001
03 0215-271Ah - toXY.xlsx,time_160_170,1.01741642106657,0.7343000000000001
03 0215-271Ah - toXY.xlsx,time_170_180,1.0133150262253958,0.7343000000000001
03 0215-271Ah - toXY.xlsx,time_180_190,1.0225644454973501,0.7343000000000001
03 0215-271Ah - toXY.xlsx,time_190_200,1.0099527167379767,0.7343000000000001
03 0215-271Ah - toXY.xlsx,time_200_210,1.0086044931282598,0.7343000000000001
03 0215-271Ah - toXY.xlsx,time_20_30,1.0366757703012117,0.7343000000000001
03 0215-271Ah - toXY.xlsx,time_210_220,1.0150577358864767,0.7343000000000001
03 0215-271Ah - toXY.xlsx,time_220_230,0.9940080295589372,0.7343000000000001
03 0215-271Ah - toXY.xlsx,time_230_240,1.0061120929087697,0.7343000000000001
03 0215-271Ah - toXY.xlsx,time_240_250,1.0149003685161642,0.7343000000000001
03 0215-271Ah - toXY.xlsx,time_250_260,1.0201962427472555,0.7343000000000001
03 0215-271Ah - toXY.xlsx,time_30_40,1.0037074813872897,0.7343000000000001
03 0215-271Ah - toXY.xlsx,time_40_50,1.0256670808758666,0.7343000000000001
03 0215-271Ah - toXY.xlsx,time_50_60,1.0231629984649686,0.7343000000000001
03 0215-271Ah - toXY.xlsx,time_60_70,1.012323971424491,0.7343000000000001
03 0215-271Ah - toXY.xlsx,time_70_80,1.038315710059262,0.7343000000000001
03 0215-271Ah - toXY.xlsx,time_80_90,0.9932442072052583,0.7343000000000001
03 0215-271Ah - toXY.xlsx,time_90_100,1.0024918022284655,0.7343000000000001
04 0298-271Ah-toXY.xlsx,energy_0_10,1.0345538920525745,0.6943
04 0298-271Ah-toXY.xlsx,energy_10_20,1.0242940661288162,0.6943
04 0298-271Ah-toXY.xlsx,energy_20_30,1.0518940036920101,0.6943
04 0298-271Ah-toXY.xlsx,energy_30_40,1.0598442722233008,0.6943
04 0298-271Ah-toXY.xlsx,energy_40_50,1.052322108652656,0.6943
04 0298-271Ah-toXY.xlsx,time_0_10,0.9843996837727076,0.6943
04 0298-271Ah-toXY.xlsx,time_10_20,0.9960418906831021,0.6943
04 0298-271Ah-toXY.xlsx,time_20_30,1.0476921659951035,0.6943
04 0298-271Ah-toXY.xlsx,time_30_40,0.9929027590959499,0.6943
04 0298-271Ah-toXY.xlsx,time_40_50,0.999710717991511,0.6943
04 0298-271Ah-toXY.xlsx,time_50_60,1.0121750308671416,0.6943
04 0298-271Ah-toXY.xlsx,time_60_70,0.9955534186943332,0.6943
04 0298-271Ah-toXY.xlsx,time_70_80,1.0120617916547598,0.6943
04 0298-271Ah-toXY.xlsx,time_80_90,0.9952893859270902,0.6943
04 0298-271Ah-toXY.xlsx,time_90_100,1.0070044179025361,0.6943
04 0298-271Ah-toXY.xlsx,time_100_110,1.0074349879599784,0.6943
04 0298-271Ah-toXY.xlsx,time_110_120,1.002210565597664,0.6943
04 0298-271Ah-toXY.xlsx,time_120_130,1.0086017939706393,0.6943
04 0298-271Ah-toXY.xlsx,time_130_140,1.0201029749031174,0.6943
04 0298-271Ah-toXY.xlsx,time_140_150,1.0247432897490862,0.6943
04 0298-271Ah-toXY.xlsx,time_150_160,1.0352500479374982,0.6943
04 0298-271Ah-toXY.xlsx,time_160_170,1.0251982594124804,0.6943
04 0298-271Ah-toXY.xlsx,time_170_180,1.0067236057471156,0.6943
04 0298-271Ah-toXY.xlsx,time_180_190,1.017690859494263,0.6943
04 0298-271Ah-toXY.xlsx,time_190_200,1.0254087577352775,0.6943
04 0298-271Ah-toXY.xlsx,time_200_210,1.0450080685207779,0.6943
04 0298-271Ah-toXY.xlsx,time_210_220,1.0342919604896859,0.6943
04 0298-271Ah-toXY.xlsx,time_220_230,1.0146396097531987,0.6943
04 0298-271Ah-toXY.xlsx,time_230_240,1.0182046411115198,0.6943
04 0298-271Ah-toXY.xlsx,time_240_250,1.0342186109118403,0.6943
04 0298-271Ah-toXY.xlsx,time_250_260,1.0310777135849398,0.6943
05 0059-271Ah-toXY.xlsx,energy_0_10,0.9886272970327402,0.6396000000000001
05 0059-271Ah-toXY.xlsx,energy_10_20,1.0263468711011594,0.6396000000000001
05 0059-271Ah-toXY.xlsx,energy_20_30,1.031282357357668,0.6396000000000001
05 0059-271Ah-toXY.xlsx,energy_30_40,1.0562205932772013,0.6396000000000001
05 0059-271Ah-toXY.xlsx,energy_40_50,1.0280718211495896,0.6396000000000001
05 0059-271Ah-toXY.xlsx,time_0_10,0.9778440287885451,0.6396000000000001
05 0059-271Ah-toXY.xlsx,time_10_20,0.9941552107124705,0.6396000000000001
05 0059-271Ah-toXY.xlsx,time_20_30,1.0253944590686643,0.6396000000000001
05 0059-271Ah-toXY.xlsx,time_30_40,1.0072238418493766,0.6396000000000001
05 0059-271Ah-toXY.xlsx,time_40_50,1.006482905304887,0.6396000000000001
05 0059-271Ah-toXY.xlsx,time_50_60,1.0213266949419435,0.6396000000000001
05 0059-271Ah-toXY.xlsx,time_60_70,1.0370470141987553,0.6396000000000001
05 0059-271Ah-toXY.xlsx,time_70_80,1.015319082208132,0.6396000000000001
05 0059-271Ah-toXY.xlsx,time_80_90,1.0108623049159722,0.6396000000000001
05 0059-271Ah-toXY.xlsx,time_90_100,1.013373791792693,0.6396000000000001
05 0059-271Ah-toXY.xlsx,time_100_110,1.0061392954738166,0.6396000000000001
05 0059-271Ah-toXY.xlsx,time_110_120,1.0180116260488807,0.6396000000000001
05 0059-271Ah-toXY.xlsx,time_120_130,1.0179274845113484,0.6396000000000001
05 0059-271Ah-toXY.xlsx,time_130_140,1.0166404990862703,0.6396000000000001
05 0059-271Ah-toXY.xlsx,time_140_150,1.0429089583528592,0.6396000000000001
05 0059-271Ah-toXY.xlsx,time_150_160,1.0219612563402474,0.6396000000000001
05 0059-271Ah-toXY.xlsx,time_160_170,1.0018870445912507,0.6396000000000001
06 0290-271Ah - toXY.xlsx,energy_0_10,1.0071345971038503,0.7281000000000001
06 0290-271Ah - toXY.xlsx,energy_10_20,1.0235411926150058,0.7281000000000001
06 0290-271Ah - toXY.xlsx,energy_20_30,1.0231232013992089,0.7281000000000001
06 0290-271Ah - toXY.xlsx,energy_30_40,0.9899131838252202,0.7281000000000001
06 0290-271Ah - toXY.xlsx,energy_40_50,1.0611127206098072,0.7281000000000001
06 0290-271Ah - toXY.xlsx,energy_50_60,1.0692800303620305,0.7281000000000001
06 0290-271Ah - toXY.xlsx,energy_60_70,1.0213194975390252,0.7281000000000001
06 0290-271Ah - toXY.xlsx,energy_70_80,1.006641231033518,0.7281000000000001
06 0290-271Ah - toXY.xlsx,time_0_10,0.9977349079546944,0.7281000000000001
06 0290-271Ah - toXY.xlsx,time_10_20,1.0001589527840578,0.7281000000000001
06 0290-271Ah - toXY.xlsx,time_20_30,1.0302096179088494,0.7281000000000001
06 0290-271Ah - toXY.xlsx,time_30_40,1.015023415005429,0.7281000000000001
06 0290-271Ah - toXY.xlsx,time_40_50,1.0168460576114604,0.7281000000000001
06 0290-271Ah - toXY.xlsx,time_50_60,1.0150815206417787,0.7281000000000001
06 0290-271Ah - toXY.xlsx,time_60_70,0.9993926089205948,0.7281000000000001
06 0290-271Ah - toXY.xlsx,time_70_80,1.0110918135329816,0.7281000000000001
06 0290-271Ah - toXY.xlsx,time_80_90,1.0194949503771273,0.7281000000000001
06 0290-271Ah - toXY.xlsx,time_90_100,1.0211348748218985,0.7281000000000001
06 0290-271Ah - toXY.xlsx,time_100_110,1.0136004431589136,0.7281000000000001
06 0290-271Ah - toXY.xlsx,time_110_120,1.0089923848526328,0.7281000000000001
06 0290-271Ah - toXY.xlsx,time_120_130,1.0177373868903974,0.7281000000000001
06 0290-271Ah - toXY.xlsx,time_130_140,1.0078072817451054,0.7281000000000001
06 0290-271Ah - toXY.xlsx,time_140_150,1.0363457257381694,0.7281000000000001
06 0290-271Ah - toXY.xlsx,time_150_160,1.0141586999614938,0.7281000000000001
06 0290-271Ah - toXY.xlsx,time_160_170,1.017049907922042,0.7281000000000001
06 0290-271Ah - toXY.xlsx,time_170_180,1.0261439212146701,0.7281000000000001
06 0290-271Ah - toXY.xlsx,time_180_190,0.9972654128836665,0.7281000000000001
06 0290-271Ah - toXY.xlsx,time_190_200,1.0237109713004058,0.7281000000000001
06 0290-271Ah - toXY.xlsx,time_200_210,1.041535362231473,0.7281000000000001
06 0290-271Ah - toXY.xlsx,time_210_220,1.0232244358514109,0.7281000000000001
06 0290-271Ah - toXY.xlsx,time_220_230,0.9969744745609743,0.7281000000000001
06 0290-271Ah - toXY.xlsx,time_230_240,1.0253438097400702,0.7281000000000001
06 0290-271Ah - toXY.xlsx,time_240_250,1.0274270357114272,0.7281000000000001
06 0290-271Ah - toXY.xlsx,time_250_260,1.0610891566340457,0.7281000000000001
06 0290-271Ah - toXY.xlsx,time_260_270,1.057823683259638,0.7281000000000001
06 0290-271Ah - toXY.xlsx,time_270_280,1.0624247974396193,0.7281000000000001
06 0290-271Ah - toXY.xlsx,time_280_290,1.061654593775403,0.7281000000000001
06 0290-271Ah - toXY.xlsx,time_290_300,1.0587731584821407,0.7281000000000001
06 0290-271Ah - toXY.xlsx,time_300_310,1.072872965068828,0.7281000000000001
06 0290-271Ah - toXY.xlsx,time_310_320,1.0184398794584937,0.7281000000000001
06 0290-271Ah - toXY.xlsx,time_320_330,1.0543640304025845,0.7281000000000001
06 0290-271Ah - toXY.xlsx,time_330_340,1.013253517651656,0.7281000000000001
06 0290-271Ah - toXY.xlsx,time_340_350,1.0094697192845086,0.7281000000000001
06 0290-271Ah - toXY.xlsx,time_350_360,0.9985350734013245,0.7281000000000001
06 0290-271Ah - toXY.xlsx,time_360_370,0.9867525101203615,0.7281000000000001
06 0290-271Ah - toXY.xlsx,energy_0_10,1.0202986689390616,0.7281000000000001
06 0290-271Ah - toXY.xlsx,energy_10_20,1.0280428245699562,0.7281000000000001
06 0290-271Ah - toXY.xlsx,energy_20_30,1.021708639131149,0.7281000000000001
06 0290-271Ah - toXY.xlsx,energy_30_40,1.004043013404538,0.7281000000000001
06 0290-271Ah - toXY.xlsx,energy_40_50,1.0524029055680197,0.7281000000000001
06 0290-271Ah - toXY.xlsx,energy_50_60,1.0738807335930818,0.7281000000000001
06 0290-271Ah - toXY.xlsx,energy_60_70,1.0414956127218182,0.7281000000000001
06 0290-271Ah - toXY.xlsx,energy_70_80,1.0174679765528458,0.7281000000000001
06 0290-271Ah - toXY.xlsx,time_0_10,1.0128996797780323,0.7281000000000001
06 0290-271Ah - toXY.xlsx,time_100_110,1.0082738285095174,0.7281000000000001
06 0290-271Ah - toXY.xlsx,time_10_20,1.011730288846737,0.7281000000000001
06 0290-271Ah - toXY.xlsx,time_110_120,1.00311804816202,0.7281000000000001
06 0290-271Ah - toXY.xlsx,time_120_130,1.0198782146248335,0.7281000000000001
06 0290-271Ah - toXY.xlsx,time_130_140,1.0137001129702519,0.7281000000000001
06 0290-271Ah - toXY.xlsx,time_140_150,1.0425487019169106,0.7281000000000001
06 0290-271Ah - toXY.xlsx,time_150_160,1.0157294816613995,0.7281000000000001
06 0290-271Ah - toXY.xlsx,time_160_170,1.0208306927704351,0.7281000000000001
06 0290-271Ah - toXY.xlsx,time_170_180,1.0233414829664014,0.7281000000000001
06 0290-271Ah - toXY.xlsx,time_180_190,0.999857926317464,0.7281000000000001
06 0290-271Ah - toXY.xlsx,time_190_200,1.0314784450392058,0.7281000000000001
06 0290-271Ah - toXY.xlsx,time_200_210,1.031457592316107,0.7281000000000001
06 0290-271Ah - toXY.xlsx,time_20_30,1.0216661074876394,0.7281000000000001
06 0290-271Ah - toXY.xlsx,time_210_220,1.0216638449597861,0.7281000000000001
06 0290-271Ah - toXY.xlsx,time_220_230,0.9971742892378741,0.7281000000000001
06 0290-271Ah - toXY.xlsx,time_230_240,1.0245730233012993,0.7281000000000001
06 0290-271Ah - toXY.xlsx,time_240_250,1.0133252391881484,0.7281000000000001
06 0290-271Ah - toXY.xlsx,time_250_260,1.0554637789635255,0.7281000000000001
06 0290-271Ah - toXY.xlsx,time_260_270,1.0519866621994234,0.7281000000000001
06 0290-271Ah - toXY.xlsx,time_270_280,1.0524943692240267,0.7281000000000001
06 0290-271Ah - toXY.xlsx,time_280_290,1.0586213738404358,0.7281000000000001
06 0290-271Ah - toXY.xlsx,time_290_300,1.0533599602163088,0.7281000000000001
06 0290-271Ah - toXY.xlsx,time_300_310,1.078336261690843,0.7281000000000001
06 0290-271Ah - toXY.xlsx,time_30_40,1.031753731109333,0.7281000000000001
06 0290-271Ah - toXY.xlsx,time_310_320,1.0271624015179197,0.7281000000000001
06 0290-271Ah - toXY.xlsx,time_320_330,1.062305729273093,0.7281000000000001
06 0290-271Ah - toXY.xlsx,time_330_340,1.0246387625082587,0.7281000000000001
06 0290-271Ah - toXY.xlsx,time_340_350,1.0361483824439877,0.7281000000000001
06 0290-271Ah - toXY.xlsx,time_350_360,1.0233005588553654,0.7281000000000001
06 0290-271Ah - toXY.xlsx,time_360_370,1.0216531234048223,0.7281000000000001
06 0290-271Ah - toXY.xlsx,time_40_50,1.030200186009028,0.7281000000000001
06 0290-271Ah - toXY.xlsx,time_50_60,1.0284172748158449,0.7281000000000001
06 0290-271Ah - toXY.xlsx,time_60_70,1.02069537801218,0.7281000000000001
06 0290-271Ah - toXY.xlsx,time_70_80,1.0267425438862938,0.7281000000000001
06 0290-271Ah - toXY.xlsx,time_80_90,1.0342772858620817,0.7281000000000001
06 0290-271Ah - toXY.xlsx,time_90_100,1.03510568226947,0.7281000000000001
07 0277-271Ah-toXY.xlsx,energy_0_10,1.0033115229019456,0.6923
07 0277-271Ah-toXY.xlsx,energy_10_20,1.032664864553159,0.6923
07 0277-271Ah-toXY.xlsx,energy_20_30,1.03076999653638,0.6923
07 0277-271Ah-toXY.xlsx,energy_30_40,1.0487303645844317,0.6923
07 0277-271Ah-toXY.xlsx,energy_40_50,1.0327064876397682,0.6923
07 0277-271Ah-toXY.xlsx,time_0_10,0.9949302496926595,0.6923
07 0277-271Ah-toXY.xlsx,time_10_20,1.0060589994598796,0.6923
07 0277-271Ah-toXY.xlsx,time_20_30,1.028523640907696,0.6923
07 0277-271Ah-toXY.xlsx,time_30_40,1.0118248860342431,0.6923
07 0277-271Ah-toXY.xlsx,time_40_50,1.008986907813812,0.6923
07 0277-271Ah-toXY.xlsx,time_50_60,1.0196925956085128,0.6923
07 0277-271Ah-toXY.xlsx,time_60_70,1.0243257322120467,0.6923
07 0277-271Ah-toXY.xlsx,time_70_80,1.022232394291681,0.6923
07 0277-271Ah-toXY.xlsx,time_80_90,1.0080023413701575,0.6923
07 0277-271Ah-toXY.xlsx,time_90_100,1.0312412598012404,0.6923
07 0277-271Ah-toXY.xlsx,time_100_110,1.0110344989058013,0.6923
07 0277-271Ah-toXY.xlsx,time_110_120,1.0144412757112122,0.6923
07 0277-271Ah-toXY.xlsx,time_120_130,1.0275726991160081,0.6923
07 0277-271Ah-toXY.xlsx,time_130_140,1.0184033776938195,0.6923
07 0277-271Ah-toXY.xlsx,time_140_150,1.0474313419618637,0.6923
07 0277-271Ah-toXY.xlsx,time_150_160,1.041899844402106,0.6923
07 0277-271Ah-toXY.xlsx,time_160_170,1.025548824764325,0.6923
08 0320-271Ah-toXY.xlsx,energy_0_10,0.970670050183462,0.6668999999999999
08 0320-271Ah-toXY.xlsx,energy_10_20,1.023105346944021,0.6668999999999999
08 0320-271Ah-toXY.xlsx,energy_20_30,1.0262275245367336,0.6668999999999999
08 0320-271Ah-toXY.xlsx,energy_30_40,1.0699580442469165,0.6668999999999999
08 0320-271Ah-toXY.xlsx,energy_40_50,1.0740558711978678,0.6668999999999999
08 0320-271Ah-toXY.xlsx,time_0_10,0.9939498066073149,0.6668999999999999
08 0320-271Ah-toXY.xlsx,time_10_20,1.0084270031282172,0.6668999999999999
08 0320-271Ah-toXY.xlsx,time_20_30,1.0491782209660183,0.6668999999999999
08 0320-271Ah-toXY.xlsx,time_30_40,1.00456649346744,0.6668999999999999
08 0320-271Ah-toXY.xlsx,time_40_50,0.989418034277351,0.6668999999999999
08 0320-271Ah-toXY.xlsx,time_50_60,0.9964561865733351,0.6668999999999999
08 0320-271Ah-toXY.xlsx,time_60_70,0.9995508354524842,0.6668999999999999
08 0320-271Ah-toXY.xlsx,time_70_80,0.9919919598154062,0.6668999999999999
08 0320-271Ah-toXY.xlsx,time_80_90,1.001980073380538,0.6668999999999999
08 0320-271Ah-toXY.xlsx,time_90_100,1.0018142788851256,0.6668999999999999
08 0320-271Ah-toXY.xlsx,time_100_110,1.0136095184900964,0.6668999999999999
08 0320-271Ah-toXY.xlsx,time_110_120,0.990750873129607,0.6668999999999999
08 0320-271Ah-toXY.xlsx,time_120_130,1.018186904042952,0.6668999999999999
08 0320-271Ah-toXY.xlsx,time_130_140,1.0108607046249432,0.6668999999999999
08 0320-271Ah-toXY.xlsx,time_140_150,1.0143763242578006,0.6668999999999999
08 0320-271Ah-toXY.xlsx,time_150_160,1.010333616768868,0.6668999999999999
08 0320-271Ah-toXY.xlsx,time_160_170,1.0005332716997668,0.6668999999999999
08 0320-271Ah-toXY.xlsx,time_170_180,1.0202450787418151,0.6668999999999999
08 0320-271Ah-toXY.xlsx,time_180_190,0.9856812747563996,0.6668999999999999
08 0320-271Ah-toXY.xlsx,energy_0_10,0.9883661669714623,0.6668999999999999
08 0320-271Ah-toXY.xlsx,energy_10_20,1.0184495959816027,0.6668999999999999
08 0320-271Ah-toXY.xlsx,energy_20_30,1.036184928617082,0.6668999999999999
08 0320-271Ah-toXY.xlsx,energy_30_40,1.0715675662249278,0.6668999999999999
08 0320-271Ah-toXY.xlsx,energy_40_50,1.0677945560950544,0.6668999999999999
08 0320-271Ah-toXY.xlsx,time_0_10,1.0179408803515715,0.6668999999999999
08 0320-271Ah-toXY.xlsx,time_100_110,1.035697784395754,0.6668999999999999
08 0320-271Ah-toXY.xlsx,time_10_20,1.0232192078284161,0.6668999999999999
08 0320-271Ah-toXY.xlsx,time_110_120,0.9946053300820443,0.6668999999999999
08 0320-271Ah-toXY.xlsx,time_120_130,1.03023905488087,0.6668999999999999
08 0320-271Ah-toXY.xlsx,time_130_140,1.0268892798973597,0.6668999999999999
08 0320-271Ah-toXY.xlsx,time_140_150,1.0271907646610283,0.6668999999999999
08 0320-271Ah-toXY.xlsx,time_150_160,1.0271630972523507,0.6668999999999999
08 0320-271Ah-toXY.xlsx,time_160_170,1.0053860566167219,0.6668999999999999
08 0320-271Ah-toXY.xlsx,time_170_180,1.024945818360219,0.6668999999999999
08 0320-271Ah-toXY.xlsx,time_180_190,0.999471856290035,0.6668999999999999
08 0320-271Ah-toXY.xlsx,time_20_30,1.0553558509415761,0.6668999999999999
08 0320-271Ah-toXY.xlsx,time_30_40,1.0077500621511737,0.6668999999999999
08 0320-271Ah-toXY.xlsx,time_40_50,1.0148521971435207,0.6668999999999999
08 0320-271Ah-toXY.xlsx,time_50_60,1.0215955712249427,0.6668999999999999
08 0320-271Ah-toXY.xlsx,time_60_70,1.0209995236408147,0.6668999999999999
08 0320-271Ah-toXY.xlsx,time_70_80,1.0217619423327589,0.6668999999999999
08 0320-271Ah-toXY.xlsx,time_80_90,1.0259401124019922,0.6668999999999999
08 0320-271Ah-toXY.xlsx,time_90_100,1.0213867604344058,0.6668999999999999
09 0002-271Ah-toXY.xlsx,energy_0_10,1.013164615682242,0.5719
09 0002-271Ah-toXY.xlsx,energy_10_20,1.0409995805726024,0.5719
09 0002-271Ah-toXY.xlsx,energy_20_30,1.0588156433634783,0.5719
09 0002-271Ah-toXY.xlsx,energy_30_40,1.0574625570799252,0.5719
09 0002-271Ah-toXY.xlsx,energy_40_50,1.070166285667316,0.5719
09 0002-271Ah-toXY.xlsx,time_0_10,1.0061867363727617,0.5719
09 0002-271Ah-toXY.xlsx,time_10_20,1.016792380233289,0.5719
09 0002-271Ah-toXY.xlsx,time_20_30,1.0354076149538312,0.5719
09 0002-271Ah-toXY.xlsx,time_30_40,1.0131692956395904,0.5719
09 0002-271Ah-toXY.xlsx,time_40_50,1.0205126201191743,0.5719
09 0002-271Ah-toXY.xlsx,time_50_60,1.026022482948611,0.5719
09 0002-271Ah-toXY.xlsx,time_60_70,1.0299279680410491,0.5719
09 0002-271Ah-toXY.xlsx,time_70_80,1.0239505852490969,0.5719
09 0002-271Ah-toXY.xlsx,time_80_90,1.015654087460309,0.5719
09 0002-271Ah-toXY.xlsx,time_90_100,1.023448846267921,0.5719
09 0002-271Ah-toXY.xlsx,time_100_110,1.0196577817378651,0.5719
09 0002-271Ah-toXY.xlsx,time_110_120,1.0223686509797316,0.5719
09 0002-271Ah-toXY.xlsx,time_120_130,1.023301792270323,0.5719
09 0002-271Ah-toXY.xlsx,time_130_140,1.0195042085227595,0.5719
09 0002-271Ah-toXY.xlsx,time_140_150,1.022490570795606,0.5719
09 0002-271Ah-toXY.xlsx,time_150_160,1.0109273882360528,0.5719
09 0002-271Ah-toXY.xlsx,time_160_170,1.0486937899891091,0.5719
10 0152-271Ah-toXY.xlsx,energy_0_10,0.999932497773177,0.7747
10 0152-271Ah-toXY.xlsx,energy_10_20,1.0326641125773302,0.7747
10 0152-271Ah-toXY.xlsx,energy_20_30,1.0241853690487932,0.7747
10 0152-271Ah-toXY.xlsx,energy_30_40,1.0468824245887243,0.7747
10 0152-271Ah-toXY.xlsx,energy_40_50,1.068421957066824,0.7747
10 0152-271Ah-toXY.xlsx,time_0_10,0.9921957943327677,0.7747
10 0152-271Ah-toXY.xlsx,time_10_20,1.0167247308414291,0.7747
10 0152-271Ah-toXY.xlsx,time_20_30,1.0215661312718596,0.7747
10 0152-271Ah-toXY.xlsx,time_30_40,1.0235256499791427,0.7747
10 0152-271Ah-toXY.xlsx,time_40_50,1.0184259427918028,0.7747
10 0152-271Ah-toXY.xlsx,time_50_60,1.0220309342237124,0.7747
10 0152-271Ah-toXY.xlsx,time_60_70,1.032646519840372,0.7747
10 0152-271Ah-toXY.xlsx,time_70_80,1.0175229219096387,0.7747
10 0152-271Ah-toXY.xlsx,time_80_90,1.0207794482578911,0.7747
10 0152-271Ah-toXY.xlsx,time_90_100,1.0234719885537167,0.7747
10 0152-271Ah-toXY.xlsx,time_100_110,1.030877850028575,0.7747
10 0152-271Ah-toXY.xlsx,time_110_120,1.0179247257856165,0.7747
10 0152-271Ah-toXY.xlsx,time_120_130,1.0641941117052398,0.7747
10 0152-271Ah-toXY.xlsx,time_130_140,1.0270724082070597,0.7747
10 0152-271Ah-toXY.xlsx,time_140_150,1.0067564202139985,0.7747
10 0152-271Ah-toXY.xlsx,time_150_160,1.0568898586110338,0.7747
10 0152-271Ah-toXY.xlsx,time_160_170,1.0055633903718484,0.7747
11 0048-271Ah-toXY.xlsx,energy_10_20,1.023041862745459,0.963
11 0048-271Ah-toXY.xlsx,energy_20_30,1.0367550964388146,0.963
11 0048-271Ah-toXY.xlsx,energy_30_40,1.0504359528370009,0.963
11 0048-271Ah-toXY.xlsx,energy_40_50,1.0602820818016623,0.963
11 0048-271Ah-toXY.xlsx,time_10_20,1.0155238251165977,0.963
11 0048-271Ah-toXY.xlsx,time_20_30,1.0133607027293878,0.963
11 0048-271Ah-toXY.xlsx,time_30_40,1.0177090428013467,0.963
11 0048-271Ah-toXY.xlsx,time_40_50,1.0116053317794127,0.963
11 0048-271Ah-toXY.xlsx,time_50_60,1.0217046225034985,0.963
11 0048-271Ah-toXY.xlsx,time_60_70,1.0172363636384198,0.963
11 0048-271Ah-toXY.xlsx,time_70_80,1.0105542694791452,0.963
11 0048-271Ah-toXY.xlsx,time_80_90,1.0079493330606453,0.963
11 0048-271Ah-toXY.xlsx,time_90_100,1.0242225249337558,0.963
11 0048-271Ah-toXY.xlsx,time_100_110,1.0050644280022876,0.963
11 0048-271Ah-toXY.xlsx,time_110_120,1.0178929060437107,0.963
11 0048-271Ah-toXY.xlsx,time_120_130,1.0218492336495932,0.963
11 0048-271Ah-toXY.xlsx,time_130_140,1.023377257642488,0.963
11 0048-271Ah-toXY.xlsx,time_140_150,1.027463322051065,0.963
11 0048-271Ah-toXY.xlsx,time_150_160,1.0364773403258278,0.963
11 0048-271Ah-toXY.xlsx,time_160_170,0.9869374359957863,0.963
12 0036-302Ah-toXY.xlsx,energy_0_10,0.9861618548904124,0.9754
12 0036-302Ah-toXY.xlsx,energy_10_20,1.0821147339511241,0.9754
12 0036-302Ah-toXY.xlsx,energy_20_30,1.0345934414860687,0.9754
12 0036-302Ah-toXY.xlsx,energy_30_40,1.046721646240106,0.9754
12 0036-302Ah-toXY.xlsx,energy_40_50,1.0047032318561675,0.9754
12 0036-302Ah-toXY.xlsx,time_0_10,0.9744705374955134,0.9754
12 0036-302Ah-toXY.xlsx,time_10_20,1.0111068739760534,0.9754
12 0036-302Ah-toXY.xlsx,time_20_30,1.0317298387006457,0.9754
12 0036-302Ah-toXY.xlsx,time_30_40,1.0197346378975163,0.9754
12 0036-302Ah-toXY.xlsx,time_40_50,1.0078760294934195,0.9754
12 0036-302Ah-toXY.xlsx,time_50_60,1.0264425308105118,0.9754
12 0036-302Ah-toXY.xlsx,time_60_70,1.0610824930034555,0.9754
12 0036-302Ah-toXY.xlsx,time_70_80,1.03061080189946,0.9754
12 0036-302Ah-toXY.xlsx,time_80_90,1.0227621260601778,0.9754
12 0036-302Ah-toXY.xlsx,time_90_100,1.0046872255302315,0.9754
12 0036-302Ah-toXY.xlsx,time_100_110,1.0096914715865029,0.9754
12 0036-302Ah-toXY.xlsx,time_110_120,1.0191834794322348,0.9754
12 0036-302Ah-toXY.xlsx,time_120_130,0.9994229692681096,0.9754
12 0036-302Ah-toXY.xlsx,time_130_140,1.012724086342596,0.9754
12 0036-302Ah-toXY.xlsx,time_140_150,1.0200884734011055,0.9754
12 0036-302Ah-toXY.xlsx,time_150_160,0.9938536996808842,0.9754
12 0036-302Ah-toXY.xlsx,time_160_170,1.0205593039218614,0.9754
12 0036-302Ah-toXY.xlsx,time_170_180,0.981827108801437,0.9754
12 0036-302Ah-toXY.xlsx,time_180_190,0.9981744619742188,0.9754
13 0673-271Ah-toXY.xlsx,energy_0_10,1.062147597955758,0.6347
13 0673-271Ah-toXY.xlsx,energy_10_20,1.0400700864622778,0.6347
13 0673-271Ah-toXY.xlsx,energy_20_30,1.0264701025813032,0.6347
13 0673-271Ah-toXY.xlsx,energy_30_40,1.069884991678572,0.6347
13 0673-271Ah-toXY.xlsx,energy_40_50,1.0760149855639247,0.6347
13 0673-271Ah-toXY.xlsx,time_0_10,1.0514512620946692,0.6347
13 0673-271Ah-toXY.xlsx,time_10_20,1.0213193088011556,0.6347
13 0673-271Ah-toXY.xlsx,time_20_30,1.0447989319251194,0.6347
13 0673-271Ah-toXY.xlsx,time_30_40,1.024645949087187,0.6347
13 0673-271Ah-toXY.xlsx,time_40_50,1.03130460141073,0.6347
13 0673-271Ah-toXY.xlsx,time_50_60,1.0239945559166872,0.6347
13 0673-271Ah-toXY.xlsx,time_60_70,1.0244048087272686,0.6347
13 0673-271Ah-toXY.xlsx,time_70_80,1.031374486229503,0.6347
13 0673-271Ah-toXY.xlsx,time_80_90,1.0145952545841272,0.6347
13 0673-271Ah-toXY.xlsx,time_90_100,1.027180424750452,0.6347
13 0673-271Ah-toXY.xlsx,time_100_110,1.0486736689735032,0.6347
13 0673-271Ah-toXY.xlsx,time_110_120,1.0264996337478758,0.6347
13 0673-271Ah-toXY.xlsx,time_120_130,1.0337287819236298,0.6347
13 0673-271Ah-toXY.xlsx,time_130_140,1.0380510445208428,0.6347
13 0673-271Ah-toXY.xlsx,time_140_150,1.0435295491164875,0.6347
13 0673-271Ah-toXY.xlsx,time_150_160,1.0485712216983927,0.6347
13 0673-271Ah-toXY.xlsx,time_160_170,1.026499890580432,0.6347
14 0743-271Ah-toXY.xlsx,energy_0_10,0.9824397889645304,0.63
14 0743-271Ah-toXY.xlsx,energy_0_10,0.9863154484028885,0.63
14 0743-271Ah-toXY.xlsx,energy_10_20,1.0374693804770176,0.63
14 0743-271Ah-toXY.xlsx,energy_20_30,1.0236497757331877,0.63
14 0743-271Ah-toXY.xlsx,energy_30_40,1.0499226773760078,0.63
14 0743-271Ah-toXY.xlsx,energy_40_50,1.0375211250869234,0.63
14 0743-271Ah-toXY.xlsx,time_0_10,0.9739399795051963,0.63
14 0743-271Ah-toXY.xlsx,time_10_20,1.0035105220625415,0.63
14 0743-271Ah-toXY.xlsx,time_20_30,1.0319504236539694,0.63
14 0743-271Ah-toXY.xlsx,time_30_40,1.002067542800214,0.63
14 0743-271Ah-toXY.xlsx,time_40_50,1.0235011260431295,0.63
14 0743-271Ah-toXY.xlsx,time_50_60,1.011879614198689,0.63
14 0743-271Ah-toXY.xlsx,time_60_70,1.0210644647602174,0.63
14 0743-271Ah-toXY.xlsx,time_70_80,1.0198455983141754,0.63
14 0743-271Ah-toXY.xlsx,time_80_90,1.0177818225211166,0.63
14 0743-271Ah-toXY.xlsx,time_90_100,1.0080000103753053,0.63
14 0743-271Ah-toXY.xlsx,time_100_110,1.007017848186139,0.63
14 0743-271Ah-toXY.xlsx,time_110_120,1.0139826204757105,0.63
14 0743-271Ah-toXY.xlsx,time_120_130,1.02008631743316,0.63
14 0743-271Ah-toXY.xlsx,time_130_140,1.0115884931656,0.63
14 0743-271Ah-toXY.xlsx,time_140_150,1.035407464679635,0.63
14 0743-271Ah-toXY.xlsx,time_150_160,1.0124198626802212,0.63
14 0743-271Ah-toXY.xlsx,time_160_170,1.035723497917973,0.63
14 0743-271Ah-toXY.xlsx,energy_0_10,1.0100763226299134,0.63
14 0743-271Ah-toXY.xlsx,energy_10_20,1.0430694312934865,0.63
14 0743-271Ah-toXY.xlsx,energy_20_30,1.0264961109760262,0.63
14 0743-271Ah-toXY.xlsx,energy_30_40,1.047618118862273,0.63
14 0743-271Ah-toXY.xlsx,energy_40_50,1.048716101576995,0.63
14 0743-271Ah-toXY.xlsx,time_0_10,1.0014355914531683,0.63
14 0743-271Ah-toXY.xlsx,time_100_110,1.015453025226643,0.63
14 0743-271Ah-toXY.xlsx,time_10_20,1.0125184622610248,0.63
14 0743-271Ah-toXY.xlsx,time_110_120,1.0174028356135796,0.63
14 0743-271Ah-toXY.xlsx,time_120_130,1.032455347318394,0.63
14 0743-271Ah-toXY.xlsx,time_130_140,1.014214771914568,0.63
14 0743-271Ah-toXY.xlsx,time_140_150,1.0193343765001963,0.63
14 0743-271Ah-toXY.xlsx,time_150_160,1.0091927495555748,0.63
14 0743-271Ah-toXY.xlsx,time_160_170,1.0248993133985747,0.63
14 0743-271Ah-toXY.xlsx,time_20_30,1.0376261961638205,0.63
14 0743-271Ah-toXY.xlsx,time_30_40,1.0072817655527033,0.63
14 0743-271Ah-toXY.xlsx,time_40_50,1.0311743341170807,0.63
14 0743-271Ah-toXY.xlsx,time_50_60,1.0235407442870126,0.63
14 0743-271Ah-toXY.xlsx,time_60_70,1.0448925662090764,0.63
14 0743-271Ah-toXY.xlsx,time_70_80,1.0394488284575762,0.63
14 0743-271Ah-toXY.xlsx,time_80_90,1.0294413483658738,0.63
14 0743-271Ah-toXY.xlsx,time_90_100,1.0241093547287763,0.63
15 0396-271Ah-toXY.xlsx,energy_0_10,1.0014844208449452,0.6002000000000001
15 0396-271Ah-toXY.xlsx,energy_10_20,1.014787128864646,0.6002000000000001
15 0396-271Ah-toXY.xlsx,energy_20_30,1.00939569194172,0.6002000000000001
15 0396-271Ah-toXY.xlsx,energy_30_40,1.0475453187616304,0.6002000000000001
15 0396-271Ah-toXY.xlsx,energy_40_50,1.0361001263427367,0.6002000000000001
15 0396-271Ah-toXY.xlsx,time_0_10,0.9953135318190054,0.6002000000000001
15 0396-271Ah-toXY.xlsx,time_10_20,0.9941243554650553,0.6002000000000001
15 0396-271Ah-toXY.xlsx,time_20_30,1.0116815572653892,0.6002000000000001
15 0396-271Ah-toXY.xlsx,time_30_40,1.0091932392891947,0.6002000000000001
15 0396-271Ah-toXY.xlsx,time_40_50,0.9992889705118786,0.6002000000000001
15 0396-271Ah-toXY.xlsx,time_50_60,1.0062346326405618,0.6002000000000001
15 0396-271Ah-toXY.xlsx,time_60_70,1.0005712072861233,0.6002000000000001
15 0396-271Ah-toXY.xlsx,time_70_80,1.0177871111584282,0.6002000000000001
15 0396-271Ah-toXY.xlsx,time_80_90,1.0156871358132695,0.6002000000000001
15 0396-271Ah-toXY.xlsx,time_90_100,0.9953652611804479,0.6002000000000001
15 0396-271Ah-toXY.xlsx,time_100_110,0.9922209676993301,0.6002000000000001
15 0396-271Ah-toXY.xlsx,time_110_120,1.006768117666044,0.6002000000000001
15 0396-271Ah-toXY.xlsx,time_120_130,1.017125028949677,0.6002000000000001
15 0396-271Ah-toXY.xlsx,time_130_140,0.9868724377862225,0.6002000000000001
15 0396-271Ah-toXY.xlsx,time_140_150,1.0108357485486108,0.6002000000000001
15 0396-271Ah-toXY.xlsx,time_150_160,1.0169345582167044,0.6002000000000001
15 0396-271Ah-toXY.xlsx,time_160_170,1.0398118363786355,0.6002000000000001
16 0052-271Ah-toXY.xlsx,energy_10_20,1.0413229901565921,0.6768000000000001
16 0052-271Ah-toXY.xlsx,energy_20_30,1.0054273186783163,0.6768000000000001
16 0052-271Ah-toXY.xlsx,energy_30_40,1.075918577363301,0.6768000000000001
16 0052-271Ah-toXY.xlsx,energy_40_50,1.0430167129103858,0.6768000000000001
16 0052-271Ah-toXY.xlsx,time_10_20,1.0010194239950803,0.6768000000000001
16 0052-271Ah-toXY.xlsx,time_20_30,1.028760427701453,0.6768000000000001
16 0052-271Ah-toXY.xlsx,time_30_40,1.0074036218451106,0.6768000000000001
16 0052-271Ah-toXY.xlsx,time_40_50,1.0147615750565893,0.6768000000000001
16 0052-271Ah-toXY.xlsx,time_50_60,1.009389134799487,0.6768000000000001
16 0052-271Ah-toXY.xlsx,time_60_70,1.00019664241064,0.6768000000000001
16 0052-271Ah-toXY.xlsx,time_70_80,1.0111317564530242,0.6768000000000001
16 0052-271Ah-toXY.xlsx,time_80_90,1.0247325848503708,0.6768000000000001
16 0052-271Ah-toXY.xlsx,time_90_100,1.0320227688345216,0.6768000000000001
16 0052-271Ah-toXY.xlsx,time_100_110,1.0168947393137104,0.6768000000000001
16 0052-271Ah-toXY.xlsx,time_110_120,1.0145339585930286,0.6768000000000001
16 0052-271Ah-toXY.xlsx,time_120_130,1.00890213343461,0.6768000000000001
16 0052-271Ah-toXY.xlsx,time_130_140,1.0165147604381923,0.6768000000000001
16 0052-271Ah-toXY.xlsx,time_140_150,1.0215530223565268,0.6768000000000001
16 0052-271Ah-toXY.xlsx,time_150_160,1.0249773467604488,0.6768000000000001
17 0289-271Ah-toXY.xlsx,energy_10_20,1.0459354640113159,0.6559
17 0289-271Ah-toXY.xlsx,energy_20_30,1.0465001819892594,0.6559
17 0289-271Ah-toXY.xlsx,energy_30_40,1.0578880048949106,0.6559
17 0289-271Ah-toXY.xlsx,energy_40_50,1.0466019482178215,0.6559
17 0289-271Ah-toXY.xlsx,time_10_20,1.0070207231072514,0.6559
17 0289-271Ah-toXY.xlsx,time_20_30,1.0436913569558555,0.6559
17 0289-271Ah-toXY.xlsx,time_30_40,1.0147680346340526,0.6559
17 0289-271Ah-toXY.xlsx,time_40_50,1.016282832351377,0.6559
17 0289-271Ah-toXY.xlsx,time_50_60,1.029023340817786,0.6559
17 0289-271Ah-toXY.xlsx,time_60_70,1.0362997450892502,0.6559
17 0289-271Ah-toXY.xlsx,time_70_80,1.0210678699484965,0.6559
17 0289-271Ah-toXY.xlsx,time_80_90,1.030366573791906,0.6559
17 0289-271Ah-toXY.xlsx,time_90_100,1.0296234283674575,0.6559
17 0289-271Ah-toXY.xlsx,time_100_110,1.0146217307043734,0.6559
17 0289-271Ah-toXY.xlsx,time_110_120,1.0106237422335982,0.6559
17 0289-271Ah-toXY.xlsx,time_120_130,1.0227815382157446,0.6559
17 0289-271Ah-toXY.xlsx,time_130_140,1.0101972877931191,0.6559
17 0289-271Ah-toXY.xlsx,time_140_150,1.0214029243766976,0.6559
17 0289-271Ah-toXY.xlsx,time_150_160,1.0519512798396287,0.6559
17 0289-271Ah-toXY.xlsx,time_160_170,1.0277220920536647,0.6559
18 0064-271Ah-toXY.xlsx,energy_10_20,1.030148160065166,0.7340000000000001
18 0064-271Ah-toXY.xlsx,energy_20_30,1.0375711165519734,0.7340000000000001
18 0064-271Ah-toXY.xlsx,energy_30_40,1.054469693052731,0.7340000000000001
18 0064-271Ah-toXY.xlsx,energy_40_50,1.0559381681649933,0.7340000000000001
18 0064-271Ah-toXY.xlsx,time_10_20,1.0025069446528172,0.7340000000000001
18 0064-271Ah-toXY.xlsx,time_20_30,1.0338871647162542,0.7340000000000001
18 0064-271Ah-toXY.xlsx,time_30_40,1.02923209578755,0.7340000000000001
18 0064-271Ah-toXY.xlsx,time_40_50,1.0154155970626855,0.7340000000000001
18 0064-271Ah-toXY.xlsx,time_50_60,1.02457332000666,0.7340000000000001
18 0064-271Ah-toXY.xlsx,time_60_70,1.037757729506148,0.7340000000000001
18 0064-271Ah-toXY.xlsx,time_70_80,1.0163433747001398,0.7340000000000001
18 0064-271Ah-toXY.xlsx,time_80_90,1.0248573405774992,0.7340000000000001
18 0064-271Ah-toXY.xlsx,time_90_100,1.02133164106066,0.7340000000000001
18 0064-271Ah-toXY.xlsx,time_100_110,1.0136726664297762,0.7340000000000001
18 0064-271Ah-toXY.xlsx,time_110_120,1.0170195796901513,0.7340000000000001
18 0064-271Ah-toXY.xlsx,time_120_130,1.0220536080959877,0.7340000000000001
18 0064-271Ah-toXY.xlsx,time_130_140,1.0246604659500196,0.7340000000000001
18 0064-271Ah-toXY.xlsx,time_140_150,1.0355885088820085,0.7340000000000001
18 0064-271Ah-toXY.xlsx,time_150_160,1.0083898744850086,0.7340000000000001
18 0064-271Ah-toXY.xlsx,time_160_170,1.0214998461632425,0.7340000000000001
19 0017-271Ah-toXY.xlsx,energy_0_10,0.9977243544402289,0.7835
19 0017-271Ah-toXY.xlsx,energy_10_20,1.0348764945076392,0.7835
19 0017-271Ah-toXY.xlsx,energy_20_30,1.0640969796551192,0.7835
19 0017-271Ah-toXY.xlsx,energy_30_40,1.0628524729094733,0.7835
19 0017-271Ah-toXY.xlsx,energy_40_50,1.0739291749987463,0.7835
19 0017-271Ah-toXY.xlsx,time_0_10,0.9870937914277745,0.7835
19 0017-271Ah-toXY.xlsx,time_10_20,1.0105441832528008,0.7835
19 0017-271Ah-toXY.xlsx,time_20_30,1.0461389120758353,0.7835
19 0017-271Ah-toXY.xlsx,time_30_40,1.02468128834792,0.7835
19 0017-271Ah-toXY.xlsx,time_40_50,1.019203775637547,0.7835
19 0017-271Ah-toXY.xlsx,time_50_60,1.011912807209175,0.7835
19 0017-271Ah-toXY.xlsx,time_60_70,1.0150536691886314,0.7835
19 0017-271Ah-toXY.xlsx,time_70_80,1.0270435560505482,0.7835
19 0017-271Ah-toXY.xlsx,time_80_90,1.0116918641222583,0.7835
19 0017-271Ah-toXY.xlsx,time_90_100,1.0221338577020114,0.7835
19 0017-271Ah-toXY.xlsx,time_100_110,1.0253206709345912,0.7835
19 0017-271Ah-toXY.xlsx,time_110_120,1.0181470814527025,0.7835
19 0017-271Ah-toXY.xlsx,time_120_130,1.0036283660442766,0.7835
19 0017-271Ah-toXY.xlsx,time_130_140,1.0241190474188677,0.7835
19 0017-271Ah-toXY.xlsx,time_140_150,1.023427309609678,0.7835
19 0017-271Ah-toXY.xlsx,time_150_160,1.0483171739413213,0.7835
19 0017-271Ah-toXY.xlsx,time_160_170,1.021453843386146,0.7835
20 0047-271Ah-toXY.xlsx,energy_10_20,1.0375568700624354,0.7858
20 0047-271Ah-toXY.xlsx,energy_20_30,1.0575514415011111,0.7858
20 0047-271Ah-toXY.xlsx,energy_30_40,1.0759822479061514,0.7858
20 0047-271Ah-toXY.xlsx,energy_40_50,1.0645942023903854,0.7858
20 0047-271Ah-toXY.xlsx,time_10_20,1.020179425520233,0.7858
20 0047-271Ah-toXY.xlsx,time_20_30,1.0430923291382304,0.7858
20 0047-271Ah-toXY.xlsx,time_30_40,1.0214332685355834,0.7858
20 0047-271Ah-toXY.xlsx,time_40_50,1.0331739321884381,0.7858
20 0047-271Ah-toXY.xlsx,time_50_60,1.031074271148486,0.7858
20 0047-271Ah-toXY.xlsx,time_60_70,1.0380545915123882,0.7858
20 0047-271Ah-toXY.xlsx,time_70_80,1.0288455487193173,0.7858
20 0047-271Ah-toXY.xlsx,time_80_90,1.0247185248238309,0.7858
20 0047-271Ah-toXY.xlsx,time_90_100,1.0289445514180928,0.7858
20 0047-271Ah-toXY.xlsx,time_100_110,1.028496532307739,0.7858
20 0047-271Ah-toXY.xlsx,time_110_120,1.0351462824582225,0.7858
20 0047-271Ah-toXY.xlsx,time_120_130,1.0112914762778826,0.7858
20 0047-271Ah-toXY.xlsx,time_130_140,1.0454377455453334,0.7858
20 0047-271Ah-toXY.xlsx,time_140_150,1.020643888647741,0.7858
20 0047-271Ah-toXY.xlsx,time_150_160,1.054053953779937,0.7858
20 0047-271Ah-toXY.xlsx,time_160_170,1.0315981325713732,0.7858
27 0065-271Ah-toXY.xlsx,energy_0_10,1.0022688832499405,0.7218000000000001
27 0065-271Ah-toXY.xlsx,energy_10_20,1.0362937395264193,0.7218000000000001
27 0065-271Ah-toXY.xlsx,energy_20_30,1.0281842573792266,0.7218000000000001
27 0065-271Ah-toXY.xlsx,energy_30_40,1.0475273554023528,0.7218000000000001
27 0065-271Ah-toXY.xlsx,energy_40_50,1.0553689172390215,0.7218000000000001
27 0065-271Ah-toXY.xlsx,time_0_10,0.9899341086431281,0.7218000000000001
27 0065-271Ah-toXY.xlsx,time_10_20,1.010657739791294,0.7218000000000001
27 0065-271Ah-toXY.xlsx,time_20_30,1.0264406296159052,0.7218000000000001
27 0065-271Ah-toXY.xlsx,time_30_40,1.0074674485082886,0.7218000000000001
27 0065-271Ah-toXY.xlsx,time_40_50,1.0042854678423987,0.7218000000000001
27 0065-271Ah-toXY.xlsx,time_50_60,1.0274998619786913,0.7218000000000001
27 0065-271Ah-toXY.xlsx,time_60_70,1.0129927961801342,0.7218000000000001
27 0065-271Ah-toXY.xlsx,time_70_80,1.0307839023822025,0.7218000000000001
27 0065-271Ah-toXY.xlsx,time_80_90,1.0253219799619777,0.7218000000000001
27 0065-271Ah-toXY.xlsx,time_90_100,1.0174221113743749,0.7218000000000001
27 0065-271Ah-toXY.xlsx,time_100_110,1.0122720075448446,0.7218000000000001
27 0065-271Ah-toXY.xlsx,time_110_120,1.012179665565979,0.7218000000000001
27 0065-271Ah-toXY.xlsx,time_130_140,1.0461525629320523,0.7218000000000001
27 0065-271Ah-toXY.xlsx,time_140_150,1.0199301405773809,0.7218000000000001
27 0065-271Ah-toXY.xlsx,time_150_160,1.0415346520696702,0.7218000000000001
27 0065-271Ah-toXY.xlsx,time_160_170,1.0275825526986637,0.7218000000000001
33 02 满充 260003-1-8-605 - 副本.xlsx,energy_0_10,0.9970563166616057,0.8079000000000001
33 02 满充 260003-1-8-605 - 副本.xlsx,energy_10_20,1.0339623948089551,0.8079000000000001
33 02 满充 260003-1-8-605 - 副本.xlsx,energy_20_30,0.9699536442399453,0.8079000000000001
33 02 满充 260003-1-8-605 - 副本.xlsx,energy_20_30,0.975161830531809,0.8079000000000001
33 02 满充 260003-1-8-605 - 副本.xlsx,energy_20_30,0.9956975360013655,0.8079000000000001
33 02 满充 260003-1-8-605 - 副本.xlsx,energy_30_40,1.0651795500636372,0.8079000000000001
33 02 满充 260003-1-8-605 - 副本.xlsx,energy_40_50,1.0407026342813452,0.8079000000000001
33 02 满充 260003-1-8-605 - 副本.xlsx,energy_50_60,1.0560430263298108,0.8079000000000001
33 02 满充 260003-1-8-605 - 副本.xlsx,time_0_10,0.9895871770772181,0.8079000000000001
33 02 满充 260003-1-8-605 - 副本.xlsx,time_10_20,1.0058590223994024,0.8079000000000001
33 02 满充 260003-1-8-605 - 副本.xlsx,time_20_30,1.0140601395821387,0.8079000000000001
33 02 满充 260003-1-8-605 - 副本.xlsx,time_30_40,0.9982312988594625,0.8079000000000001
33 02 满充 260003-1-8-605 - 副本.xlsx,time_50_60,1.0023768491579168,0.8079000000000001
33 02 满充 260003-1-8-605 - 副本.xlsx,time_80_90,0.9932518559442913,0.8079000000000001
33 02 满充 260003-1-8-605 - 副本.xlsx,time_90_100,1.0167765600101024,0.8079000000000001
33 02 满充 260003-1-8-605 - 副本.xlsx,time_100_110,1.0081798672132967,0.8079000000000001
33 02 满充 260003-1-8-605 - 副本.xlsx,time_110_120,1.0171553388776686,0.8079000000000001
33 02 满充 260003-1-8-605 - 副本.xlsx,time_120_130,1.0355234461803795,0.8079000000000001
33 02 满充 260003-1-8-605 - 副本.xlsx,time_130_140,1.0178484344167507,0.8079000000000001
33 02 满充 260003-1-8-605 - 副本.xlsx,time_140_150,1.020099635670049,0.8079000000000001
33 02 满充 260003-1-8-605 - 副本.xlsx,energy_0_10,1.0332956045170738,0.8079000000000001
33 02 满充 260003-1-8-605 - 副本.xlsx,energy_10_20,1.0317459710066428,0.8079000000000001
33 02 满充 260003-1-8-605 - 副本.xlsx,energy_20_30,0.9911552561010876,0.8079000000000001
33 02 满充 260003-1-8-605 - 副本.xlsx,energy_30_40,1.0668697942343064,0.8079000000000001
33 02 满充 260003-1-8-605 - 副本.xlsx,energy_40_50,1.0295619574694004,0.8079000000000001
33 02 满充 260003-1-8-605 - 副本.xlsx,energy_50_60,1.0365228649305243,0.8079000000000001
33 02 满充 260003-1-8-605 - 副本.xlsx,time_0_10,1.0203139210384786,0.8079000000000001
33 02 满充 260003-1-8-605 - 副本.xlsx,time_100_110,1.013989800907161,0.8079000000000001
33 02 满充 260003-1-8-605 - 副本.xlsx,time_10_20,1.0074700352158177,0.8079000000000001
33 02 满充 260003-1-8-605 - 副本.xlsx,time_110_120,1.020790897076123,0.8079000000000001
33 02 满充 260003-1-8-605 - 副本.xlsx,time_120_130,1.0321702481662884,0.8079000000000001
33 02 满充 260003-1-8-605 - 副本.xlsx,time_130_140,1.0194001658668925,0.8079000000000001
33 02 满充 260003-1-8-605 - 副本.xlsx,time_140_150,1.0270597022883712,0.8079000000000001
33 02 满充 260003-1-8-605 - 副本.xlsx,time_20_30,1.0244248041099684,0.8079000000000001
33 02 满充 260003-1-8-605 - 副本.xlsx,time_30_40,1.016288906409791,0.8079000000000001
33 02 满充 260003-1-8-605 - 副本.xlsx,time_50_60,0.9992275279354913,0.8079000000000001
33 02 满充 260003-1-8-605 - 副本.xlsx,time_80_90,1.0085695338526384,0.8079000000000001
33 02 满充 260003-1-8-605 - 副本.xlsx,time_90_100,1.0305528037078258,0.8079000000000001
34 0120-271Ah-toXY.xlsx,energy_0_10,1.0893076594317586,0.6697
34 0120-271Ah-toXY.xlsx,energy_10_20,1.0040058522084738,0.6697
34 0120-271Ah-toXY.xlsx,energy_20_30,1.054512209299775,0.6697
34 0120-271Ah-toXY.xlsx,energy_30_40,1.062491148178743,0.6697
34 0120-271Ah-toXY.xlsx,energy_40_50,1.0790662951010461,0.6697
34 0120-271Ah-toXY.xlsx,time_0_10,1.025918132966101,0.6697
34 0120-271Ah-toXY.xlsx,time_10_20,1.0299209933338935,0.6697
34 0120-271Ah-toXY.xlsx,time_20_30,1.0389006385744401,0.6697
34 0120-271Ah-toXY.xlsx,time_30_40,1.0236354383916821,0.6697
34 0120-271Ah-toXY.xlsx,time_40_50,1.026426502106075,0.6697
34 0120-271Ah-toXY.xlsx,time_50_60,1.0232433605249647,0.6697
34 0120-271Ah-toXY.xlsx,time_60_70,1.0402481028596593,0.6697
34 0120-271Ah-toXY.xlsx,time_70_80,1.008092823756144,0.6697
34 0120-271Ah-toXY.xlsx,time_80_90,1.0242812519256457,0.6697
34 0120-271Ah-toXY.xlsx,time_90_100,1.0347006917194674,0.6697
34 0120-271Ah-toXY.xlsx,time_100_110,1.0480453464212212,0.6697
34 0120-271Ah-toXY.xlsx,time_110_120,1.037892044813108,0.6697
34 0120-271Ah-toXY.xlsx,time_120_130,1.03587692711952,0.6697
34 0120-271Ah-toXY.xlsx,time_130_140,1.0499323640164504,0.6697
34 02 满充 260007-1-2-1171 - 副本.xlsx,energy_0_10,0.9864321949213313,0.7962
34 02 满充 260007-1-2-1171 - 副本.xlsx,energy_10_20,1.0749388991967115,0.7962
34 02 满充 260007-1-2-1171 - 副本.xlsx,energy_20_30,0.9908521983863917,0.7962
34 02 满充 260007-1-2-1171 - 副本.xlsx,energy_20_30,0.989554708852353,0.7962
34 02 满充 260007-1-2-1171 - 副本.xlsx,energy_20_30,1.003358980226002,0.7962
34 02 满充 260007-1-2-1171 - 副本.xlsx,energy_30_40,1.0312149455740183,0.7962
34 02 满充 260007-1-2-1171 - 副本.xlsx,energy_40_50,1.0615989443110851,0.7962
34 02 满充 260007-1-2-1171 - 副本.xlsx,energy_50_60,1.0647172398362486,0.7962
34 02 满充 260007-1-2-1171 - 副本.xlsx,time_0_10,0.992386329215082,0.7962
34 02 满充 260007-1-2-1171 - 副本.xlsx,time_10_20,1.011795734061531,0.7962
34 02 满充 260007-1-2-1171 - 副本.xlsx,time_20_30,1.025094013084591,0.7962
34 02 满充 260007-1-2-1171 - 副本.xlsx,time_30_40,0.9896027744291584,0.7962
34 02 满充 260007-1-2-1171 - 副本.xlsx,time_50_60,1.0168338265022625,0.7962
34 02 满充 260007-1-2-1171 - 副本.xlsx,time_80_90,1.0346333533354555,0.7962
34 02 满充 260007-1-2-1171 - 副本.xlsx,time_90_100,0.9894298265219381,0.7962
34 02 满充 260007-1-2-1171 - 副本.xlsx,time_100_110,0.9897220820819599,0.7962
34 02 满充 260007-1-2-1171 - 副本.xlsx,time_110_120,0.9976935749162569,0.7962
34 02 满充 260007-1-2-1171 - 副本.xlsx,time_120_130,1.0239722329660268,0.7962
34 02 满充 260007-1-2-1171 - 副本.xlsx,time_130_140,0.9939287354300846,0.7962
34 02 满充 260007-1-2-1171 - 副本.xlsx,time_140_150,0.9932216863107215,0.7962
34 02 满充 260007-1-2-1171 - 副本.xlsx,energy_0_10,1.0334351195004683,0.7962
34 02 满充 260007-1-2-1171 - 副本.xlsx,energy_10_20,1.0671492435626684,0.7962
34 02 满充 260007-1-2-1171 - 副本.xlsx,energy_20_30,0.9942006476447811,0.7962
34 02 满充 260007-1-2-1171 - 副本.xlsx,energy_30_40,1.0275842320918331,0.7962
34 02 满充 260007-1-2-1171 - 副本.xlsx,energy_40_50,1.050881812236999,0.7962
34 02 满充 260007-1-2-1171 - 副本.xlsx,energy_50_60,1.043925053463947,0.7962
34 02 满充 260007-1-2-1171 - 副本.xlsx,time_0_10,1.0246283670501497,0.7962
34 02 满充 260007-1-2-1171 - 副本.xlsx,time_100_110,1.0029173858056015,0.7962
34 02 满充 260007-1-2-1171 - 副本.xlsx,time_10_20,1.016515175511526,0.7962
34 02 满充 260007-1-2-1171 - 副本.xlsx,time_110_120,1.0072163218813457,0.7962
34 02 满充 260007-1-2-1171 - 副本.xlsx,time_120_130,1.0578155571549672,0.7962
34 02 满充 260007-1-2-1171 - 副本.xlsx,time_130_140,0.9936748814991816,0.7962
34 02 满充 260007-1-2-1171 - 副本.xlsx,time_140_150,1.0107383042182398,0.7962
34 02 满充 260007-1-2-1171 - 副本.xlsx,time_20_30,1.0406590124582418,0.7962
34 02 满充 260007-1-2-1171 - 副本.xlsx,time_30_40,1.0095222888451403,0.7962
34 02 满充 260007-1-2-1171 - 副本.xlsx,time_50_60,1.0164792124994524,0.7962
34 02 满充 260007-1-2-1171 - 副本.xlsx,time_80_90,1.054814218168138,0.7962
34 02 满充 260007-1-2-1171 - 副本.xlsx,time_90_100,1.0101518150103919,0.7962
35 02 满充 260007-1-3-1171 - 副本.xlsx,energy_0_10,1.0067706951186868,0.8320000000000001
35 02 满充 260007-1-3-1171 - 副本.xlsx,energy_10_20,1.0027562238917131,0.8320000000000001
35 02 满充 260007-1-3-1171 - 副本.xlsx,energy_10_20,0.9940232430075103,0.8320000000000001
35 02 满充 260007-1-3-1171 - 副本.xlsx,energy_20_30,1.003220243259951,0.8320000000000001
35 02 满充 260007-1-3-1171 - 副本.xlsx,energy_40_50,1.0298860718213263,0.8320000000000001
35 02 满充 260007-1-3-1171 - 副本.xlsx,time_0_10,0.9865391587331095,0.8320000000000001
35 02 满充 260007-1-3-1171 - 副本.xlsx,time_10_20,1.001194509380547,0.8320000000000001
35 02 满充 260007-1-3-1171 - 副本.xlsx,time_20_30,1.0298911265611794,0.8320000000000001
35 02 满充 260007-1-3-1171 - 副本.xlsx,time_30_40,1.0252681702151931,0.8320000000000001
35 02 满充 260007-1-3-1171 - 副本.xlsx,time_50_60,1.0157993932231772,0.8320000000000001
35 02 满充 260007-1-3-1171 - 副本.xlsx,time_80_90,1.014759787786107,0.8320000000000001
35 02 满充 260007-1-3-1171 - 副本.xlsx,time_90_100,1.0119784852444744,0.8320000000000001
35 02 满充 260007-1-3-1171 - 副本.xlsx,time_100_110,0.9981463442908798,0.8320000000000001
35 02 满充 260007-1-3-1171 - 副本.xlsx,time_110_120,1.0052694482688742,0.8320000000000001
35 02 满充 260007-1-3-1171 - 副本.xlsx,time_120_130,1.0146400142239862,0.8320000000000001
35 02 满充 260007-1-3-1171 - 副本.xlsx,time_130_140,1.005930647781569,0.8320000000000001
35 02 满充 260007-1-3-1171 - 副本.xlsx,time_140_150,0.9951707728128307,0.8320000000000001
35 02 满充 260007-1-3-1171 - 副本.xlsx,energy_0_10,1.0325132692961043,0.8320000000000001
35 02 满充 260007-1-3-1171 - 副本.xlsx,energy_10_20,1.014834815207329,0.8320000000000001
35 02 满充 260007-1-3-1171 - 副本.xlsx,energy_20_30,1.0048894435782652,0.8320000000000001
35 02 满充 260007-1-3-1171 - 副本.xlsx,energy_40_50,1.0262628638813942,0.8320000000000001
35 02 满充 260007-1-3-1171 - 副本.xlsx,time_0_10,1.0270149598118274,0.8320000000000001
35 02 满充 260007-1-3-1171 - 副本.xlsx,time_100_110,1.0024076081323892,0.8320000000000001
35 02 满充 260007-1-3-1171 - 副本.xlsx,time_10_20,1.003677943108495,0.8320000000000001
35 02 满充 260007-1-3-1171 - 副本.xlsx,time_110_120,1.028617285638159,0.8320000000000001
35 02 满充 260007-1-3-1171 - 副本.xlsx,time_120_130,1.0394428506505335,0.8320000000000001
35 02 满充 260007-1-3-1171 - 副本.xlsx,time_130_140,1.0110711515537532,0.8320000000000001
35 02 满充 260007-1-3-1171 - 副本.xlsx,time_140_150,1.0078746538705645,0.8320000000000001
35 02 满充 260007-1-3-1171 - 副本.xlsx,time_20_30,1.0413437130576495,0.8320000000000001
35 02 满充 260007-1-3-1171 - 副本.xlsx,time_30_40,1.042514968251641,0.8320000000000001
35 02 满充 260007-1-3-1171 - 副本.xlsx,time_50_60,1.0157957708895347,0.8320000000000001
35 02 满充 260007-1-3-1171 - 副本.xlsx,time_80_90,1.0290051014310295,0.8320000000000001
35 02 满充 260007-1-3-1171 - 副本.xlsx,time_90_100,1.0205036895547743,0.8320000000000001
36 02 满充 260007-1-4-1171 - 副本.xlsx,energy_0_10,0.9928977625451596,0.7047
36 02 满充 260007-1-4-1171 - 副本.xlsx,energy_10_20,1.0022162394927119,0.7047
36 02 满充 260007-1-4-1171 - 副本.xlsx,energy_10_20,0.9665237541195387,0.7047
36 02 满充 260007-1-4-1171 - 副本.xlsx,energy_20_30,0.9773619686174738,0.7047
36 02 满充 260007-1-4-1171 - 副本.xlsx,energy_20_30,1.020214995759355,0.7047
36 02 满充 260007-1-4-1171 - 副本.xlsx,energy_30_40,1.0465142761544097,0.7047
36 02 满充 260007-1-4-1171 - 副本.xlsx,energy_40_50,1.0511894601964356,0.7047
36 02 满充 260007-1-4-1171 - 副本.xlsx,time_0_10,0.9844803203956294,0.7047
36 02 满充 260007-1-4-1171 - 副本.xlsx,time_10_20,1.0099742643689769,0.7047
36 02 满充 260007-1-4-1171 - 副本.xlsx,time_20_30,1.0017196380352686,0.7047
36 02 满充 260007-1-4-1171 - 副本.xlsx,time_30_40,1.0168768172898413,0.7047
36 02 满充 260007-1-4-1171 - 副本.xlsx,time_50_60,1.0069991591665897,0.7047
36 02 满充 260007-1-4-1171 - 副本.xlsx,time_80_90,1.0285677919756404,0.7047
36 02 满充 260007-1-4-1171 - 副本.xlsx,time_90_100,0.9993613789278611,0.7047
36 02 满充 260007-1-4-1171 - 副本.xlsx,time_100_110,1.0031292795746969,0.7047
36 02 满充 260007-1-4-1171 - 副本.xlsx,time_110_120,0.9925995560581702,0.7047
36 02 满充 260007-1-4-1171 - 副本.xlsx,time_120_130,1.0189381961193071,0.7047
36 02 满充 260007-1-4-1171 - 副本.xlsx,time_130_140,1.002633014067243,0.7047
36 02 满充 260007-1-4-1171 - 副本.xlsx,time_140_150,0.9888844170814696,0.7047
36 02 满充 260007-1-4-1171 - 副本.xlsx,energy_0_10,1.0208692774518695,0.7047
36 02 满充 260007-1-4-1171 - 副本.xlsx,energy_10_20,1.021676239517334,0.7047
36 02 满充 260007-1-4-1171 - 副本.xlsx,energy_20_30,1.0148436103858507,0.7047
36 02 满充 260007-1-4-1171 - 副本.xlsx,energy_30_40,1.0411922906764524,0.7047
36 02 满充 260007-1-4-1171 - 副本.xlsx,energy_40_50,1.037790553714161,0.7047
36 02 满充 260007-1-4-1171 - 副本.xlsx,time_0_10,1.0165383197064608,0.7047
36 02 满充 260007-1-4-1171 - 副本.xlsx,time_100_110,1.0201399472898427,0.7047
36 02 满充 260007-1-4-1171 - 副本.xlsx,time_10_20,1.0063356830387356,0.7047
36 02 满充 260007-1-4-1171 - 副本.xlsx,time_110_120,1.001149860540468,0.7047
36 02 满充 260007-1-4-1171 - 副本.xlsx,time_120_130,1.0398366055936143,0.7047
36 02 满充 260007-1-4-1171 - 副本.xlsx,time_130_140,1.011090097506999,0.7047
36 02 满充 260007-1-4-1171 - 副本.xlsx,time_140_150,0.9953231182563925,0.7047
36 02 满充 260007-1-4-1171 - 副本.xlsx,time_20_30,1.0099016170731512,0.7047
36 02 满充 260007-1-4-1171 - 副本.xlsx,time_30_40,1.0274607553265775,0.7047
36 02 满充 260007-1-4-1171 - 副本.xlsx,time_50_60,1.0090179227119391,0.7047
36 02 满充 260007-1-4-1171 - 副本.xlsx,time_80_90,1.05018225614722,0.7047
36 02 满充 260007-1-4-1171 - 副本.xlsx,time_90_100,1.0167842352074177,0.7047
36 0285-271Ah-toXY.xlsx,energy_0_10,1.0446617157614726,0.6668000000000001
36 0285-271Ah-toXY.xlsx,energy_10_20,1.0107643240296624,0.6668000000000001
36 0285-271Ah-toXY.xlsx,energy_20_30,0.9922747528050123,0.6668000000000001
36 0285-271Ah-toXY.xlsx,energy_30_40,1.047403204579718,0.6668000000000001
36 0285-271Ah-toXY.xlsx,energy_40_50,1.0681256289337766,0.6668000000000001
36 0285-271Ah-toXY.xlsx,time_0_10,1.0143156159795674,0.6668000000000001
36 0285-271Ah-toXY.xlsx,time_10_20,1.015527616898098,0.6668000000000001
36 0285-271Ah-toXY.xlsx,time_20_30,1.0204946484429602,0.6668000000000001
36 0285-271Ah-toXY.xlsx,time_30_40,1.0207497655868683,0.6668000000000001
36 0285-271Ah-toXY.xlsx,time_40_50,1.01601257287855,0.6668000000000001
36 0285-271Ah-toXY.xlsx,time_50_60,1.010143699020604,0.6668000000000001
36 0285-271Ah-toXY.xlsx,time_60_70,1.0072133907927678,0.6668000000000001
36 0285-271Ah-toXY.xlsx,time_70_80,1.020436305376775,0.6668000000000001
36 0285-271Ah-toXY.xlsx,time_80_90,1.0050912221533526,0.6668000000000001
36 0285-271Ah-toXY.xlsx,time_90_100,1.0163152532646507,0.6668000000000001
36 0285-271Ah-toXY.xlsx,time_100_110,0.9991188099875329,0.6668000000000001
36 0285-271Ah-toXY.xlsx,time_110_120,1.0060871667296687,0.6668000000000001
36 0285-271Ah-toXY.xlsx,time_120_130,1.0038548667675615,0.6668000000000001
36 0285-271Ah-toXY.xlsx,time_130_140,1.0249777657639336,0.6668000000000001
37 02 满充 260007-1-5-1171 - 副本.xlsx,energy_0_10,1.0113880386579102,0.8593000000000001
37 02 满充 260007-1-5-1171 - 副本.xlsx,energy_10_20,0.9988183412507493,0.8593000000000001
37 02 满充 260007-1-5-1171 - 副本.xlsx,energy_10_20,0.9860810435445492,0.8593000000000001
37 02 满充 260007-1-5-1171 - 副本.xlsx,energy_20_30,1.0210626115591466,0.8593000000000001
37 02 满充 260007-1-5-1171 - 副本.xlsx,energy_30_40,1.0482493624601954,0.8593000000000001
37 02 满充 260007-1-5-1171 - 副本.xlsx,energy_40_50,1.0380019541004974,0.8593000000000001
37 02 满充 260007-1-5-1171 - 副本.xlsx,time_0_10,0.9837264629460492,0.8593000000000001
37 02 满充 260007-1-5-1171 - 副本.xlsx,time_10_20,1.0099475078954208,0.8593000000000001
37 02 满充 260007-1-5-1171 - 副本.xlsx,time_20_30,1.0195266102448548,0.8593000000000001
37 02 满充 260007-1-5-1171 - 副本.xlsx,time_30_40,0.9926557218638677,0.8593000000000001
37 02 满充 260007-1-5-1171 - 副本.xlsx,time_50_60,0.9950270954669181,0.8593000000000001
37 02 满充 260007-1-5-1171 - 副本.xlsx,time_80_90,1.0071437708432867,0.8593000000000001
37 02 满充 260007-1-5-1171 - 副本.xlsx,time_90_100,1.0045575901208361,0.8593000000000001
37 02 满充 260007-1-5-1171 - 副本.xlsx,time_100_110,0.9995145255423067,0.8593000000000001
37 02 满充 260007-1-5-1171 - 副本.xlsx,time_110_120,1.0137797270785465,0.8593000000000001
37 02 满充 260007-1-5-1171 - 副本.xlsx,time_120_130,1.00025157183836,0.8593000000000001
37 02 满充 260007-1-5-1171 - 副本.xlsx,time_130_140,0.9937871431416533,0.8593000000000001
37 02 满充 260007-1-5-1171 - 副本.xlsx,time_140_150,1.0176718295613814,0.8593000000000001
37 02 满充 260007-1-5-1171 - 副本.xlsx,energy_0_10,1.0341116827565486,0.8593000000000001
37 02 满充 260007-1-5-1171 - 副本.xlsx,energy_10_20,1.040169248840673,0.8593000000000001
37 02 满充 260007-1-5-1171 - 副本.xlsx,energy_20_30,1.0131314896579406,0.8593000000000001
37 02 满充 260007-1-5-1171 - 副本.xlsx,energy_30_40,1.0425234259613827,0.8593000000000001
37 02 满充 260007-1-5-1171 - 副本.xlsx,energy_40_50,1.0404600004713283,0.8593000000000001
37 02 满充 260007-1-5-1171 - 副本.xlsx,time_0_10,1.0243234638936554,0.8593000000000001
37 02 满充 260007-1-5-1171 - 副本.xlsx,time_100_110,1.0126856222159704,0.8593000000000001
37 02 满充 260007-1-5-1171 - 副本.xlsx,time_10_20,1.011747050655014,0.8593000000000001
37 02 满充 260007-1-5-1171 - 副本.xlsx,time_110_120,1.0288224595611977,0.8593000000000001
37 02 满充 260007-1-5-1171 - 副本.xlsx,time_120_130,1.0067504814851218,0.8593000000000001
37 02 满充 260007-1-5-1171 - 副本.xlsx,time_130_140,1.002867958729344,0.8593000000000001
37 02 满充 260007-1-5-1171 - 副本.xlsx,time_140_150,1.0205111380932086,0.8593000000000001
37 02 满充 260007-1-5-1171 - 副本.xlsx,time_20_30,1.0127086583468916,0.8593000000000001
37 02 满充 260007-1-5-1171 - 副本.xlsx,time_30_40,1.0135046448792395,0.8593000000000001
37 02 满充 260007-1-5-1171 - 副本.xlsx,time_50_60,0.9952112201732322,0.8593000000000001
37 02 满充 260007-1-5-1171 - 副本.xlsx,time_80_90,1.0224149806175007,0.8593000000000001
37 02 满充 260007-1-5-1171 - 副本.xlsx,time_90_100,1.0263048972972533,0.8593000000000001
38 02 满充 260007-1-6-1171 - 副本.xlsx,energy_0_10,1.012820317909711,0.8301000000000001
38 02 满充 260007-1-6-1171 - 副本.xlsx,energy_10_20,1.0047171059242685,0.8301000000000001
38 02 满充 260007-1-6-1171 - 副本.xlsx,energy_10_20,0.9801008115546312,0.8301000000000001
38 02 满充 260007-1-6-1171 - 副本.xlsx,energy_20_30,1.0101607761323321,0.8301000000000001
38 02 满充 260007-1-6-1171 - 副本.xlsx,energy_30_40,1.041706250916271,0.8301000000000001
38 02 满充 260007-1-6-1171 - 副本.xlsx,energy_40_50,1.0303320843907335,0.8301000000000001
38 02 满充 260007-1-6-1171 - 副本.xlsx,time_0_10,0.9897120653784778,0.8301000000000001
38 02 满充 260007-1-6-1171 - 副本.xlsx,time_10_20,0.9966949874753126,0.8301000000000001
38 02 满充 260007-1-6-1171 - 副本.xlsx,time_20_30,1.0245278321651743,0.8301000000000001
38 02 满充 260007-1-6-1171 - 副本.xlsx,time_30_40,1.0167431714617445,0.8301000000000001
38 02 满充 260007-1-6-1171 - 副本.xlsx,time_50_60,1.0311967168828975,0.8301000000000001
38 02 满充 260007-1-6-1171 - 副本.xlsx,time_80_90,1.001428181629159,0.8301000000000001
38 02 满充 260007-1-6-1171 - 副本.xlsx,time_90_100,1.0137219399383486,0.8301000000000001
38 02 满充 260007-1-6-1171 - 副本.xlsx,time_100_110,0.9996723061674117,0.8301000000000001
38 02 满充 260007-1-6-1171 - 副本.xlsx,time_110_120,1.0062686915361727,0.8301000000000001
38 02 满充 260007-1-6-1171 - 副本.xlsx,time_120_130,1.0093694238172304,0.8301000000000001
38 02 满充 260007-1-6-1171 - 副本.xlsx,time_130_140,0.9943453358964599,0.8301000000000001
38 02 满充 260007-1-6-1171 - 副本.xlsx,energy_0_10,1.0353365594456319,0.8301000000000001
38 02 满充 260007-1-6-1171 - 副本.xlsx,energy_10_20,1.0324948546420383,0.8301000000000001
38 02 满充 260007-1-6-1171 - 副本.xlsx,energy_20_30,1.011636708434864,0.8301000000000001
38 02 满充 260007-1-6-1171 - 副本.xlsx,energy_30_40,1.0352044910369433,0.8301000000000001
38 02 满充 260007-1-6-1171 - 副本.xlsx,energy_40_50,1.0280944786660864,0.8301000000000001
38 02 满充 260007-1-6-1171 - 副本.xlsx,time_0_10,1.0186872023071865,0.8301000000000001
38 02 满充 260007-1-6-1171 - 副本.xlsx,time_100_110,1.0152642618964374,0.8301000000000001
38 02 满充 260007-1-6-1171 - 副本.xlsx,time_10_20,0.9995606955613805,0.8301000000000001
38 02 满充 260007-1-6-1171 - 副本.xlsx,time_110_120,1.01671982155057,0.8301000000000001
38 02 满充 260007-1-6-1171 - 副本.xlsx,time_120_130,1.0303145020751825,0.8301000000000001
38 02 满充 260007-1-6-1171 - 副本.xlsx,time_130_140,0.9965387283493361,0.8301000000000001
38 02 满充 260007-1-6-1171 - 副本.xlsx,time_20_30,1.0404411029814908,0.8301000000000001
38 02 满充 260007-1-6-1171 - 副本.xlsx,time_30_40,1.0351737521816464,0.8301000000000001
38 02 满充 260007-1-6-1171 - 副本.xlsx,time_50_60,1.0341990399043792,0.8301000000000001
38 02 满充 260007-1-6-1171 - 副本.xlsx,time_80_90,1.0163604087605456,0.8301000000000001
38 02 满充 260007-1-6-1171 - 副本.xlsx,time_90_100,1.0281597499824024,0.8301000000000001
39 02 满充 260007-1-7-1171 - 副本.xlsx,energy_0_10,1.0140440486940479,0.7725
39 02 满充 260007-1-7-1171 - 副本.xlsx,energy_10_20,0.998023953123202,0.7725
39 02 满充 260007-1-7-1171 - 副本.xlsx,energy_10_20,1.0028673059645818,0.7725
39 02 满充 260007-1-7-1171 - 副本.xlsx,energy_20_30,1.0183923833451467,0.7725
39 02 满充 260007-1-7-1171 - 副本.xlsx,energy_30_40,1.0478520232580906,0.7725
39 02 满充 260007-1-7-1171 - 副本.xlsx,energy_40_50,1.03409749760727,0.7725
39 02 满充 260007-1-7-1171 - 副本.xlsx,time_0_10,0.9821959622567796,0.7725
39 02 满充 260007-1-7-1171 - 副本.xlsx,time_10_20,1.0023033218705795,0.7725
39 02 满充 260007-1-7-1171 - 副本.xlsx,time_20_30,1.0261589941314067,0.7725
39 02 满充 260007-1-7-1171 - 副本.xlsx,time_30_40,1.0099389785242674,0.7725
39 02 满充 260007-1-7-1171 - 副本.xlsx,time_50_60,1.0294477855079993,0.7725
39 02 满充 260007-1-7-1171 - 副本.xlsx,time_80_90,1.01580669429344,0.7725
39 02 满充 260007-1-7-1171 - 副本.xlsx,time_90_100,1.0309472297588962,0.7725
39 02 满充 260007-1-7-1171 - 副本.xlsx,time_100_110,1.006611473816769,0.7725
39 02 满充 260007-1-7-1171 - 副本.xlsx,time_110_120,0.994221612602845,0.7725
39 02 满充 260007-1-7-1171 - 副本.xlsx,time_120_130,1.0025040576316837,0.7725
39 02 满充 260007-1-7-1171 - 副本.xlsx,time_130_140,1.0133320718785077,0.7725
39 02 满充 260007-1-7-1171 - 副本.xlsx,energy_0_10,1.0381105259243166,0.7725
39 02 满充 260007-1-7-1171 - 副本.xlsx,energy_10_20,1.0103383832254058,0.7725
39 02 满充 260007-1-7-1171 - 副本.xlsx,energy_20_30,1.0095424890028155,0.7725
39 02 满充 260007-1-7-1171 - 副本.xlsx,energy_30_40,1.039176743021862,0.7725
39 02 满充 260007-1-7-1171 - 副本.xlsx,energy_40_50,1.028802144346289,0.7725
39 02 满充 260007-1-7-1171 - 副本.xlsx,time_0_10,1.012204109864328,0.7725
39 02 满充 260007-1-7-1171 - 副本.xlsx,time_100_110,1.00889981127981,0.7725
39 02 满充 260007-1-7-1171 - 副本.xlsx,time_10_20,1.0089942857602294,0.7725
39 02 满充 260007-1-7-1171 - 副本.xlsx,time_110_120,1.0095436544134446,0.7725
39 02 满充 260007-1-7-1171 - 副本.xlsx,time_120_130,1.0032371388264494,0.7725
39 02 满充 260007-1-7-1171 - 副本.xlsx,time_130_140,1.0173732909320488,0.7725
39 02 满充 260007-1-7-1171 - 副本.xlsx,time_20_30,1.0426248189026037,0.7725
39 02 满充 260007-1-7-1171 - 副本.xlsx,time_30_40,1.0298690441296572,0.7725
39 02 满充 260007-1-7-1171 - 副本.xlsx,time_50_60,1.029293410599958,0.7725
39 02 满充 260007-1-7-1171 - 副本.xlsx,time_80_90,1.0273685537070512,0.7725
39 02 满充 260007-1-7-1171 - 副本.xlsx,time_90_100,1.0465855417035848,0.7725
40 02 满充 260007-1-8-1171 - 副本.xlsx,energy_0_10,1.013792579749328,0.7869
40 02 满充 260007-1-8-1171 - 副本.xlsx,energy_10_20,1.0337382936042698,0.7869
40 02 满充 260007-1-8-1171 - 副本.xlsx,energy_10_20,1.0035447072468482,0.7869
40 02 满充 260007-1-8-1171 - 副本.xlsx,energy_20_30,1.0156871403922145,0.7869
40 02 满充 260007-1-8-1171 - 副本.xlsx,energy_30_40,1.0411729546283375,0.7869
40 02 满充 260007-1-8-1171 - 副本.xlsx,energy_40_50,1.0466468774231077,0.7869
40 02 满充 260007-1-8-1171 - 副本.xlsx,time_0_10,0.9860018762645403,0.7869
40 02 满充 260007-1-8-1171 - 副本.xlsx,time_10_20,0.9999650150277071,0.7869
40 02 满充 260007-1-8-1171 - 副本.xlsx,time_20_30,1.0388637623610524,0.7869
40 02 满充 260007-1-8-1171 - 副本.xlsx,time_30_40,1.008773641384277,0.7869
40 02 满充 260007-1-8-1171 - 副本.xlsx,time_50_60,0.9916295661823259,0.7869
40 02 满充 260007-1-8-1171 - 副本.xlsx,time_80_90,1.0049654641227797,0.7869
40 02 满充 260007-1-8-1171 - 副本.xlsx,time_90_100,1.0052435408224496,0.7869
40 02 满充 260007-1-8-1171 - 副本.xlsx,time_100_110,1.011203242686732,0.7869
40 02 满充 260007-1-8-1171 - 副本.xlsx,time_110_120,1.0142819862583468,0.7869
40 02 满充 260007-1-8-1171 - 副本.xlsx,time_120_130,0.9874296820278736,0.7869
40 02 满充 260007-1-8-1171 - 副本.xlsx,time_130_140,1.0064095966040207,0.7869
40 02 满充 260007-1-8-1171 - 副本.xlsx,time_140_150,1.00223884715095,0.7869
40 02 满充 260007-1-8-1171 - 副本.xlsx,energy_0_10,1.0363740083215058,0.7869
40 02 满充 260007-1-8-1171 - 副本.xlsx,energy_10_20,1.0293786657813249,0.7869
40 02 满充 260007-1-8-1171 - 副本.xlsx,energy_20_30,1.0129568653722136,0.7869
40 02 满充 260007-1-8-1171 - 副本.xlsx,energy_30_40,1.040696953516979,0.7869
40 02 满充 260007-1-8-1171 - 副本.xlsx,energy_40_50,1.039381012458012,0.7869
40 02 满充 260007-1-8-1171 - 副本.xlsx,time_0_10,1.014977013193249,0.7869
40 02 满充 260007-1-8-1171 - 副本.xlsx,time_100_110,1.0245555506067272,0.7869
40 02 满充 260007-1-8-1171 - 副本.xlsx,time_10_20,1.0063701600104529,0.7869
40 02 满充 260007-1-8-1171 - 副本.xlsx,time_110_120,1.0320264069043759,0.7869
40 02 满充 260007-1-8-1171 - 副本.xlsx,time_120_130,0.9983911879449807,0.7869
40 02 满充 260007-1-8-1171 - 副本.xlsx,time_130_140,1.0277610524626721,0.7869
40 02 满充 260007-1-8-1171 - 副本.xlsx,time_140_150,0.9972715213274909,0.7869
40 02 满充 260007-1-8-1171 - 副本.xlsx,time_20_30,1.033832319173551,0.7869
40 02 满充 260007-1-8-1171 - 副本.xlsx,time_30_40,1.0250614269110416,0.7869
40 02 满充 260007-1-8-1171 - 副本.xlsx,time_50_60,0.9984650801106844,0.7869
40 02 满充 260007-1-8-1171 - 副本.xlsx,time_80_90,1.0138060233040467,0.7869
40 02 满充 260007-1-8-1171 - 副本.xlsx,time_90_100,1.0261532413765082,0.7869
